"cu_id"	"Account"	"Customer"	"New Delivery Day"	"Alliant Sequence"	"Customer Name"	"Address"	"X_Longitude"	"Y_Latitude"
"10052"	"99054"	"00006"	"T"	"250"	"CHARTER COMMUNICATIONS"	"950 BRIDGEVIEW NORTH, SAGINAW MI 48604 US"	"-83.934116"	"43.493248"
"10078"	"99033"	"00067"	"R"	"30"	"EUREST HEMLOCK SEMI CONDUCTOR"	"12334 GEDDES RD, HEMLOCK MI 48626 US"	"-84.162441"	"43.432365"
"10091"	"99056"	"00000"	"M"	"80"	"CARLETON EQUIPMENT-SAGINAW"	"3380 MACK ROAD, SAGINAW MI 48601 US"	"-83.88807"	"43.393292"
"10290"	"131285"	"00000"	"F"	"30"	"FRALIAS"	"422 HANCOCK ST., SAGINAW MI 48602 US"	"-83.962978"	"43.41822"
"10399"	"99035"	"00040"	"W"	"230"	"INDEPENDENT BANK 248"	"4850 BAY RD., SAGINAW MI 48604 US"	"-83.974789"	"43.476881"
"10400"	"99035"	"00038"	"M"	"200"	"INDEPENDENT BANK 231"	"1445 N. CENTER RD, SAGINAW MI 48638 US"	"-84.015228"	"43.429341"
"10401"	"99035"	"00037"	"M"	"320"	"INDEPENDENT BANK 230"	"3601 STATE ST., SAGINAW MI 48602 US"	"-83.992451"	"43.436338"
"10491"	"131435"	"00000"	"T"	"320"	"MERL'S TAVERN"	"304 SHADDUCK, SAGINAW MI 48603 US"	"-83.941732"	"43.451311"
"10552"	"123382"	"00001"	"W"	"170"	"ANDERSEN EYE CENTER           "	"5161 CARDINAL PARK DR., SAGINAW MI 48604 US"	"-84.001833"	"43.48126"
"10587"	"99071"	"00006"	"M"	"20"	"TIM  HORTON'S"	"8099 GRATIOT, SAGINAW MI 48609 US"	"-84.073302"	"43.415555"
"10613"	"131525"	"00000"	"M"	"50"	"DR. RYAN MICHELSON DDS"	"65 N. FROST, SAGINAW MI 48638 US"	"-84.028184"	"43.415844"
"10689"	"131584"	"00000"	"F"	"110"	"BROTHER ARTHURS"	"2522 E. GENESSEE, SAGINAW MI 48601 US"	"-83.9173323"	"43.4086697"
"10808"	"99031"	"00120"	"R"	"260"	"BLARNEY CASTLE EZ MART 620"	"1420 E. CENTER STREET, ITHACA MI 48847-1610 US"	"-84.584033"	"43.291326"
"10883"	"131681"	"00000"	"F"	"160"	"BENIHANA'S"	"3870 BAY RD, SAGINAW MI 48603 US"	"-83.974798"	"43.464037"
"10944"	"99031"	"00130"	"R"	"150"	"BLARNEY CASTLE TRUCK STOP 223"	"2400 W. MONROE RD, ALMA MI 48801 US"	"-84.653971"	"43.408843"
"11052"	"99071"	"00001"	"W"	"190"	"TIM HORTONS"	"3225 TITTABAWASSEE, SAGINAW MI 48604 US"	"-83.97989"	"43.479655"
"11160"	"131808"	"00000"	"R"	"280"	"EVERGREEN TAVERN"	"13955 SWANCREEK RD, HEMLOCK MI 48626 US"	"-84.1897237"	"43.37767"
"11168"	"99031"	"00134"	"R"	"130"	"BLARNEY CASTLE-ALMA OFFICE"	"2400 W. MONROE ROAD, ALMA MI 48801 US"	"-84.653971"	"43.408843"
"11219"	"99054"	"00039"	"W"	"210"	"CHARTER COMMUNICATIONS        "	"5815 BAY RD, SAGINAW MI 48601 US"	"-83.974851"	"43.491575"
"11220"	"131847"	"00000"	"M"	"100"	"SEUNG-NI WEISS"	"6700 WEISS ST, SAGINAW MI 48603 US"	"-84.048425"	"43.443203"
"11221"	"131848"	"00000"	"W"	"70"	"SEUNG-NI BAY RD"	"3909 BAY RD, SAGINAW MI 48603 US"	"-83.977162"	"43.464321"
"11224"	"131851"	"00000"	"M"	"190"	"REDHORSE BAR"	"4780 STATE ST, SAGINAW MI 48603 US"	"-84.0105762"	"43.4371668"
"11282"	"131884"	"00000"	"M"	"140"	"W SOULE"	"3025 S. RIVER RD, SAGINAW MI 48603 US"	"-84.051533"	"43.379355"
"11545"	"132081"	"00000"	"T"	"140"	"GREAT LAKES EYE INSTITUTE"	"2393 SCHUST RD, SAGINAW MI 48603 US"	"-83.963883"	"43.472008"
"11601"	"132055"	"00001"	"M"	"60"	"CSL PLASMA"	"4706 STATE ST, SAGINAW MI 48603 US"	"-84.00922448"	"43.43681481"
"11708"	"99080"	"00010"	"R"	"90"	"MERCANTILE BANK"	"125 W. SAGINAW, MERRIL MI 48637 US"	"-84.330887"	"43.409562"
"11725F"	"129981"	"00001"	"F"	"130"	"GREAT LAKES EYE SURGERY CENTER"	"2393 SCHUST RD., SAGINAW MI 48603 US"	"-83.963883"	"43.472008"
"11725T"	"129981"	"00001"	"T"	"130"	"GREAT LAKES EYE SURGERY CENTER"	"2393 SCHUST RD., SAGINAW MI 48603 US"	"-83.963883"	"43.472008"
"11743"	"99185"	"00000"	"R"	"80"	"TONY'S-LITTLE BAMBINO'S"	"120 W. SAGINAW ST, MERRILL MI 48637 US"	"-84.330799"	"43.410131"
"11971"	"99033"	"00175"	"F"	"10"	"ST MARYS OF MI SAGINAW"	"800 S WASHINGTON TOUCHPOINT #26376, SAGINAW MI 486"	"-83.938252"	"43.42483"
"12350"	"132506"	"00000"	"F"	"70"	"CATHEDRAL OF MARY THE ASSUMPTI"	"705 HOYT AVE, SAGINAW MI 48607 US"	"-83.93544"	"43.425412"
"12553"	"132618"	"00000"	"M"	"150"	"BYTES"	"5656 STATE ST, SAGINAW MI 48603 US"	"-84.027886"	"43.437764"
"12588"	"132641"	"00000"	"W"	"140"	"MID MICHIGAN VASCULAR SURGERY"	"4701 TOWNE CENTRE SUITE 202, SAGINAW MI 48603 US"	"-83.965"	"43.475543"
"12647"	"99185"	"00001"	"M"	"20"	"TONY'S FISH KITCHEN"	"1029 GRATIOT, SAGINAW MI 48602 US"	"-83.976635"	"43.414796"
"12858"	"99094"	"00039"	"M"	"160"	"LMCU 405"	"5430 S. STATE STREET, SAGINAW MI 48603 US"	"-84.02262"	"43.437315"
"13395"	"130300"	"00001"	"F"	"60"	"CMU MEDICAL EDUCATION-WASHINGT"	"912 S. WASHINGTON, SAGINAW MI 48601 US"	"-83.94401"	"43.424551"
"13764"	"99104"	"00017"	"T"	"50"	"PERFECTION DIST-SAGINAW GARAGE"	"3901 FASHION SQUARE BLVD, SAGINAW MI 48603 US"	"-83.9699665"	"43.4636303"
"13957"	"99084"	"00006"	"R"	"110"	"BURNIPS EQUIPMENT CO."	"5690 E. MONROE RD, BRECKENRIDGE MI 48615 US"	"-84.492866"	"43.4076"
"14021"	"132033"	"00001"	"W"	"410"	"AUBURN ACE HARDWARE"	"990 W. MIDLAND RD, AUBURN MI 48611 US"	"-84.087582"	"43.604013"
"14047"	"130545"	"00001"	"M"	"50"	"HAUSBECK - TANK YARD"	"634 KENDRICK ST., SAGINAW MI 48601 US"	"-83.982914"	"43.40568"
"14068"	"133049"	"00000"	"M"	"100"	"COMMUNITY AUTO"	"2604 E. GENESSEE, SAGINAW MI 48601 US"	"-83.9170614"	"43.4083725"
"14149"	"231967"	"00002"	"R"	"250"	"ELLENS EQUIPMENT-ITHACA"	"210 DILTS RD, ITHACA MI 48847 US"	"-84.588512"	"43.289385"
"14244"	"133116"	"00000"	"W"	"420"	"O'S PUB AND GRILL"	"123 E. MIDLAND RD., AUBURN MI 48611 US"	"-84.067842"	"43.603613"
"14287"	"133139"	"00000"	"T"	"290"	"SAV-A-LOT CARLTON"	"3805 MICHIGAN AVE STE 1212, SAGINAW MI 48048 US"	"-83.949436"	"43.462154"
"14312"	"99121"	"00001"	"W"	"170"	"G'S PIZZERIA-SAGINAW"	"3823 BAY ROAD, SAGINAW MI 48603 US"	"-83.976438"	"43.463211"
"14315"	"99122"	"00000"	"T"	"280"	"CENTENNIAL TECHNOLOGIES"	"1335 AGRICOLA DR., SAGINAW MI 48604 US"	"-83.941881"	"43.485442"
"14332"	"133164"	"00000"	"T"	"310"	"HECK'S BAR"	"555 SHATTUCK ROAD, SAGINAW MI 48604 US"	"-83.948544"	"43.450613"
"14486"	"127442"	"00001"	"W"	"110"	"VALLEY OBGYN FREELAND"	"117 S. MAIN, FREELAND MI 48623 US"	"-84.121574"	"43.523784"
"14623F"	"133282"	"00000"	"F"	"150"	"TOWN CENTRE DIGESTIVE"	"4599 TOWNE CENTRE ROAD, SAGINAW MI 48604 US"	"-83.964921"	"43.473744"
"14623T"	"133282"	"00000"	"T"	"20"	"TOWN CENTRE DIGESTIVE"	"4599 TOWNE CENTRE ROAD, SAGINAW MI 48604 US"	"-83.964921"	"43.473744"
"14735"	"133324"	"00000"	"T"	"190"	"BIG O BURGER & BBQ"	"4072 BAY RD., SAGINAW MI 48603 US"	"-83.972851"	"43.466633"
"14903"	"99062"	"00126"	"W"	"390"	"ROGERS FAMILY FOODS #4962"	"985 W MIDLAND RD, AUBURN MI 48611 US"	"-84.088848"	"43.602573"
"14904"	"99161"	"00126"	"W"	"380"	"ROGERS FAMILY FOODS #4962 FA"	"985 W MIDLAND RD, AUBURN MI 48611 US"	"-84.088848"	"43.602573"
"15689"	"99031"	"00168"	"R"	"220"	"BLARNEY CASTLE EZ MART 221"	"100 W. LINCOLN, ALMA MI 48801 US"	"-84.608744"	"43.379054"
"15762"	"99033"	"00303"	"R"	"60"	"HEMLOCK PUBLIC SCHOOLS "	"535 N MAPLE, HEMLOCK MI 48626 US"	"-84.234715"	"43.418919"
"15817"	"133514"	"00000"	"W"	"240"	"OAKLAND ORTHOPEDIC APPLIANCE"	"5455 HAMPTON PLACE, SAGINAW MI 48604 US"	"-83.9592458"	"43.4865505"
"15894"	"132574"	"00001"	"W"	"200"	"BLOSSOMS JAPANESE EXPRESS"	"2461 TITTABAWASSEE RD, SAGINAW MI 48604 US"	"-83.9646258"	"43.4796373"
"15965"	"99169"	"00012"	"R"	"120"	"DEAN TRANSPORTATION-ST. LOUIS"	"301 WOODSIDE DRIVE, ST. LOUIS MI 48463 US"	"-84.612036"	"43.3949077"
"16019"	"99136"	"00004"	"R"	"200"	"METZ CULINARY-ALMA RESIDENTIAL"	"614 W. SUPERIOR, ALMA MI 48801 US"	"-84.669132"	"43.37943"
"16020"	"99136"	"00005"	"R"	"190"	"METZ CULINARY-ALMA CATERING"	"614 W SUPERIOR, ALMA MI 48801 US"	"-84.669132"	"43.37943"
"16067"	"99033"	"00316"	"M"	"130"	"SWAN VALLEY SCHOOLS K12"	"8400 O'HERN RD, SAGINAW MI 48609 US"	"-84.078197"	"43.410608"
"16098"	"133653"	"00000"	"R"	"320"	"LIQUID LOUNGE"	"118 N. MICHIGAN AVE, SAGINAW MI 48602 US"	"-83.963433"	"43.417864"
"16099"	"133653"	"00001"	"R"	"330"	"JAKE'S OLD CITY GRILL"	"100 S. HAMILTON ST., SAGINAW MI 48602 US"	"-83.963588"	"43.416753"
"16100"	"133654"	"00000"	"R"	"340"	"RETRO ROCKS - SAGINAW"	"110 S. HAMILTON ST., SAGINAW MI 48602 US"	"-83.963713"	"43.416464"
"16140"	"133669"	"00000"	"T"	"90"	"DR. TIFFANY KIM"	"4177 FASHION SQUARE BLVD SUITE #1, SAGINAW MI 4860"	"-83.97037"	"43.467987"
"16170"	"133689"	"00000"	"M"	"80"	"MINUTEMAN PRESS"	"5580 STATE ST SUITE 9, SAGINAW MI 48603 US"	"-84.026152"	"43.4377"
"16255"	"99183"	"00001"	"R"	"230"	"GREAT LAKES FAMILY RESTAURANT"	"1335 E CENTER ST, ITHACA MI 48847 US"	"-84.584015"	"43.292079"
"16275"	"133740"	"00000"	"M"	"240"	"ROMERO'S MEAT MARKET LLC"	"1400 BROCKWAY ST., SAGINAW MI 48602 US"	"-83.979715"	"43.4167242"
"16464"	"99195"	"00000"	"W"	"90"	"WELLSPRING NEXDINE 357"	"5935 SHATTUCK, SAGINAW MI 48603 US"	"-84.033094"	"43.449832"
"16547"	"133870"	"00000"	"M"	"1"	"J.J.'S ROADHOUSE"	"9620 GRATIOT, SAGINAW MI 48609 US"	"-84.103796"	"43.416559"
"16701"	"99031"	"00200"	"R"	""	"BLARNEY CASTLE EZ MART 860"	"102 WEST WASHINGTON ST, ST. LOUIS MI 38880 US"	"-84.60738093"	"43.40790597"
"16724"	"133958"	"00000"	"W"	""	"GRAND HAMBURGERS"	"4907 GARFIELD RD, AUBURN MI 48611 US"	"-84.089012"	"43.598948"
"3351"	"120402"	"00000"	"W"	"310"	"DR JARED WEIR M.D.            "	"800 COOPER SUITE #12, SAGINAW MI 48602 US"	"-83.953409"	"43.430704"
"3354"	"120554"	"00000"	"T"	"260"	"CUMULUS BROADCASTING"	"1740 CHAMPAGNE DR NORTH, SAGINAW MI 48604 US"	"-83.952058"	"43.484547"
"3370"	"122605"	"00000"	"F"	"300"	"J & R HEINEMAN AND SONS       "	"1224 N. NIAGARA ST, SAGINAW MI 48602 US"	"-83.9487641"	"43.4247941"
"3376"	"99114"	"00000"	"W"	"40"	"COMPREHENSIVE PAIN SPECIALISTS"	"4450 FASHION SQUARE BLVD, SAGINAW MI 48603 US"	"-83.968365"	"43.471718"
"3387"	"122890"	"00000"	"W"	"110"	"FASHION SQUARE TONY'S         "	"4880 FASHION SQUARE BLVD., SAGINAW MI 48604 US"	"-83.970063"	"43.478462"
"3388"	"122891"	"00000"	"M"	"30"	"TONYS RESTAURANT              "	"234 CENTER, SAGINAW MI 48603 US"	"-84.014267"	"43.416883"
"3398"	"122949"	"00000"	"F"	"90"	"SCHMITT DENTAL LAB            "	"3214 E GENESEE PO BOX 2007, SAGINAW MI 48605 US"	"-83.9128785"	"43.4029258"
"3400"	"122954"	"00000"	"W"	"10"	"SAGINAW CLUB                  "	"219 N. WASHINGTON AVE., SAGINAW MI 48607 US"	"-83.938872"	"43.435116"
"3465"	"123147"	"00000"	"W"	"350"	"VFW 1566                      "	"132 S. OAKLEY, SAGINAW MI 48602 US"	"-83.970726"	"43.420795"
"3467"	"123151"	"00000"	"F"	"40"	"HURON FISH INC.               "	"505 GRATIOT, SAGINAW MI 48602 US"	"-83.968344"	"43.414791"
"3468"	"123153"	"00000"	"M"	"40"	"RESLER ORTHODONTICS           "	"5545 COLONY DR N SUITE 2, SAGINAW MI 48638 US"	"-84.025746"	"43.416684"
"3470"	"123155"	"00000"	"M"	"150"	"GLOBAL TAN                    "	"7200 GRATIOT, SAGINAW MI 48609 US"	"-84.05582"	"43.41616"
"3471"	"123157"	"00000"	"M"	"170"	"GLOBAL TAN                    "	"5385 STATE ST, SAGINAW MI 48603 US"	"-84.021139"	"43.436413"
"3472"	"99071"	"00002"	"M"	"70"	"TIM HORTON                    "	"4870 STATE ST, SAGINAW MI 48603 US"	"-84.0125"	"43.43721"
"3475"	"123163"	"00000"	"F"	"280"	"PANDA HOUSE                   "	"1010 N. NIAGARA, SAGINAW MI 48602 US"	"-83.953235"	"43.421824"
"3476"	"123164"	"00000"	"T"	"100"	"EL RANCHO GRANDE              "	"2401 N. MICHIGAN, SAGINAW MI 48602 US"	"-83.94953581"	"43.43918846"
"3478"	"99071"	"00004"	"T"	"80"	"TIM HORTONS                   "	"2039 N. MICHIGAN AVE., SAGINAW MI 48602 US"	"-83.949447"	"43.43614"
"3479"	"123167"	"00000"	"T"	"100"	"DR. HENNIG D.D.S.             "	"4350 FASHION SQUARE BLVD., SAGINAW MI 48603 US"	"-83.968394"	"43.470432"
"3481"	"123169"	"00000"	"W"	"260"	"SCOTTISH INN                  "	"630 GRATIOT, SAGINAW MI 48602 US"	"-83.970302"	"43.415119"
"3508"	"123226"	"00000"	"R"	"50"	"HEMLOCK BUS GARAGE            "	"1095 N. HEMLOCK, HEMLOCK MI 48626 US"	"-84.2306717"	"43.424175"
"3510"	"123238"	"00000"	"W"	"200"	"HEALTHWAY COMPUNDING PHARMACY "	"2544 MCLEOD DR N SUITE 2, SAGINAW MI 48604 US"	"-83.966483"	"43.477845"
"3512"	"123241"	"00000"	"T"	"80"	"GLOBAL TAN                    "	"3269 BAY RD., SAGINAW MI 48603 US"	"-83.976427"	"43.454668"
"3513"	"123242"	"00000"	"F"	"30"	"SPATZ BAKERY INC              "	"1120 STATE ST PO BOX 6303, SAGINAW MI 48602 US"	"-83.957036"	"43.436636"
"3552"	"123341"	"00000"	"T"	"330"	"MARIA ELENA'S BAKERY          "	"512 SHATTUCK, SAGINAW MI 48604 US"	"-83.947609"	"43.451101"
"3565"	"123362"	"00000"	"R"	"170"	"ELKS LODGE                    "	"610 W. WARWICK, ALMA MI 48801 US"	"-84.6689767"	"43.3925957"
"3575"	"123379"	"00000"	"M"	"50"	"NAPOLITANO BAKERY             "	"2614 STATE, SAGINAW MI 48602 US"	"-83.974679"	"43.43673"
"3576"	"123381"	"00000"	"W"	"180"	"RIVERFRONT OPTICAL            "	"3200 CABARET TRAIL, SAGINAW MI 48603 US"	"-83.97963"	"43.463275"
"3577"	"123382"	"00000"	"W"	"180"	"ANDERSEN EYE ASSOC.           "	"5161 CARDINAL PARK DR., SAGINAW MI 48604 US"	"-84.001833"	"43.48126"
"3591"	"123539"	"00000"	"R"	"220"	"SHAPERS SALON & DAY SPA       "	"685 N. CENTER RD., SAGINAW MI 48638-5886 US"	"-84.01537"	"43.420197"
"3600"	"99110"	"00002"	"W"	"270"	"SAV-A-LOT                     "	"321 N. MICHIGAN, SAGNAW MI 48602 US"	"-83.962785"	"43.41948"
"3616"	"124293"	"00000"	"T"	"110"	"LAKESIDE VILLAGE              "	"4370 LAKESIDE CIRCLE, SAGINAW MI 48603 US"	"-83.963455"	"43.470848"
"3620"	"124486"	"00000"	"R"	"140"	"PETTICOAT JUNCTION            "	"2400 W. MONROE ROAD, ALMA MI 48801 US"	"-84.653971"	"43.408843"
"3652"	"99058"	"00024"	"T"	"300"	"FORWARDS 139                  "	"3090 MICHIGAN AVE, SAGINAW MI 48604 US"	"-83.949683"	"43.450608"
"3665"	"126527"	"00000"	"T"	"30"	"MATRIX SURGERY CENTER         "	"4450 FASHION SQ BLVD. SUITE 200, SAGINAW MI 48603 "	"-83.968365"	"43.471718"
"3764"	"127303"	"00000"	"F"	"230"	"DILLY & CO SALON              "	"122 MALZAHN ST, SAGINAW MI 48602 US"	"-83.988822"	"43.415752"
"3776"	"127419"	"00000"	"F"	"90"	"SSP ASSOCIATES, INC"	"515 N. WASHINGTON, SAGINAW MI 48601 US"	"-83.937724"	"43.438139"
"3777"	"127427"	"00000"	"W"	"140"	"KERNEL BURNER                 "	"6171 TITTABAWASSE, SAGINAW MI 48603 US"	"-84.0371921"	"43.4802423"
"3778"	"127442"	"00000"	"F"	"20"	"VALLEY OBGYN                  "	"926 N MICHIGAN AVE, SAGINAW MI 48602 US"	"-83.955381"	"43.422939"
"3788"	"127681"	"00000"	"W"	"130"	"U SPASALON & MORE             "	"134 S MAIN ST SUITE 2, FREELAND MI 48623 US"	"-84.122002"	"43.524345"
"3793"	"127883"	"00000"	"M"	"70"	"GRATIOT EXPRESS GAS INC       "	"5031 GRATIOT, SAGINAW MI 48638 US"	"-84.015308"	"43.415005"
"3801"	"128111"	"00000"	"T"	"270"	"MICHIGAN DEPT OF TRANS        "	"5859 SHERMAN ROAD, SAGINAW MI 48704 US"	"-83.9286528"	"43.4914842"
"3816"	"128481"	"00000"	"R"	"270"	"VANDERWALL TRUCKING           "	"20260 W COLVIN RD, ST CHARLES MI 48655 US"	"-84.314936"	"43.296936"
"3837"	"99054"	"00000"	"M"	"40"	"CHARTER COMMUNICATIONS        "	"2525 STATE ST, SAGINAW MI 48602 US"	"-83.9739133"	"43.4359283"
"3838"	"99054"	"00001"	"M"	"290"	"CHARTER COMMUNICATIONS        "	"720 N BATES, SAGINAW MI 48602 US"	"-83.965249"	"43.4280526"
"3861"	"128891"	"00000"	"F"	"120"	"MUFFLER MAN                   "	"2310 HOLLAND AVE, SAGINAW MI 48601 US"	"-83.920893"	"43.41444"
"3875"	"129084"	"00000"	"M"	"250"	"OLD TOWN DRIVE-IN             "	"807 S GRAINGER, SAGINAW MI 48602 US"	"-83.973729"	"43.415302"
"3886"	"129443"	"00000"	"T"	"60"	"BEST AUTOMOTIVE               "	"2816 Bay Road, SAGINAW MI 48603 US"	"-83.974767"	"43.446647"
"3891"	"129477"	"00000"	"F"	"10"	"SULLIVANS RESTAURANT          "	"361 W MORLEY DR, SAGINAW MI 48601 US"	"-83.871106"	"43.417025"
"3895"	"185564"	"00000"	"W"	"220"	"CHENS MONGOLIAN GRILL         "	"4837 BAY RD, SAGINAW MI 48604 US"	"-83.976076"	"43.477015"
"8354"	"99185"	"00002"	"M"	"60"	"FLANNIGANS PUB"	"7734 GRATIOT AVE, SAGINAW MI 48609 US"	"-84.065825"	"43.416326"
"8646"	"129848"	"00000"	"M"	"180"	"GOOD TIMES PIZZA"	"4582 STATE ST., SAGINAW MI 48603 US"	"-84.006409"	"43.438961"
"8795F"	"129981"	"00000"	"F"	"120"	"GREAT LAKES EYE SURGERY CENTER"	"2393 SCHUST RD., SAGINAW MI 48603 US"	"-83.963883"	"43.472008"
"8795T"	"129981"	"00000"	"T"	"120"	"GREAT LAKES EYE SURGERY CENTER"	"2393 SCHUST RD., SAGINAW MI 48603 US"	"-83.963883"	"43.472008"
"8878"	"130028"	"00000"	"R"	"40"	"THE MAPLE GRILLE"	"13105 GRATIOT RD., HEMLOCK MI 48626 US"	"-84.172823"	"43.416236"
"8999"	"130203"	"00000"	"T"	"150"	"NIKOLAI KINACHTCHOUK M.D."	"4705 TOWNE CENTRE SUITE 102, SAGINAW MI 48604 US"	"-83.964166"	"43.47558"
"9038"	"130237"	"00000"	"T"	"160"	"DR. RAMA MULPURI, M.D."	"4705 TOWNE CTR SUITE 203, SAGINAW MI 48604 US"	"-83.964166"	"43.47558"
"9110"	"130300"	"00000"	"F"	"20"	"CMU MEDICAL EDUCATION PARTNER"	"1000 HOUGHTON, SAGINAW MI 48602 US"	"-83.955131"	"43.429757"
"9400"	"130545"	"00000"	"M"	"10"	"HAUSBECK PICKLE-HESS"	"1626 HESS AVE, SAGINAW MI 48601 US"	"-83.94306"	"43.399691"
"9489"	"99035"	"00001"	"W"	"400"	"INDEPENDENT BANK 225"	"1004 W MIDLAND RD, AUBURN MI 48611 US"	"-84.089961"	"43.604022"
"9621"	"130711"	"00000"	"R"	"210"	"BILL'S BARBER SHOP"	"945 N CENTER, SAGINAW MI 48638 US"	"-84.01517"	"43.421985"
