cu_id	Account	Customer	New Delivery Day	Alliant Sequence	Customer Name	Address	X_Longitude	Y_Latitude	Route
10158	31164	0	W		VILLAGE GRILL	"31200 W 10 MILE RD, FARMINGTON HILLS MI 48336 US"	-83.356124	42.470514	70
10195	31197	0	F		FORTIS SOLUTIONS GROUP	"22790 HESLIP DRIVE, NOVI MI 48375 US"	-83.466163	42.459103	70
10201	31203	0	T		JETS PIZZA 90 (BLK)	"901 NORDIC, WHITE LAKE MI 48383 US"	-83.524943	42.649577	70
10321	31313	0	W		JOHN COWLEY & SONS	"33338 GRAND RIVER AVE, FARMINGTON MI 48336 US"	-83.376112	42.465024	70
104	17059	0	T		CASS LAKE PARTY SHOP          	"1537 CASS LAKE, KEEGO HARBOR MI 48320 US"	-83.349651	42.617263	70
1041	26905	0	R		PATISSERIE PARMENTIER         	"40001 GRAND RIVER, NOVI MI 48375 US"	-83.441404	42.472786	70
10541	31476	0	F		CHUTNEYS	"38259 W. 10 MILE ROAD, FARMINGTON HILLS MI 48335 U"	-83.425785	42.467917	70
10867	31673	0	R		LULU'S RESTUARANT	"1001 WELCH ROAD SUITE 115, COMMERCE TOWNSHIP MI 48"	-83.458974	42.541956	70
10968	31707	0	T		SUSHI WENG	"5550 COOLEY LAKE ROAD, WATERFORD MI 48327 US"	-83.395044	42.628349	70
10982	99033	98	M		MORRISON MAPLE VILLAGE 22937	"6257 TELEGRAPH ROAD, BLOOMFIELD HILLS MI 48301 US"	-83.282935	42.547555	70
11068	99067	0	W		FARMINGTON HILLS-POLICE DEPT	"31655 W. 11 MILE ROAD, FARMINGTON HILLS MI 48336 U"	-83.360347	42.484071	70
11071	99067	2	W		FARMINGTON HILLS-COSTIC CENTER	"28600 11 MILE ROAD, FARMINGTON HILLS MI 48336 US"	-83.331718	42.488029	70
11072	99067	3	R		FARMINGTON HILLS-PUBLIC WORKS	"27245 HALSTED ROAD, FARMINGTON HILLS MI 48331 US"	-83.418448	42.4935444	70
11074	99067	5	W		FARMINGTON HILLS-CITY HALL	"31555 W. 11 MILE ROAD, FARMINGTON HILLS MI 48336 U"	-83.3591558	42.4839907	70
11082	99033	127	W		MORRISON MERCY HS 16039	"29300 W. 11 MILE ROAD, FARMINGTON HILLS MI 48336 U"	-83.3369695	42.4869517	70
11520F	99079	27	F		MOTOR CITY PEAK	"20120 HAGGERTY ROAD, LIVONIA MI 48154 US"	-83.433005	42.434874	70
11520M	99079	27	M		MOTOR CITY PEAK	"20120 HAGGERTY ROAD, LIVONIA MI 48154 US"	-83.433005	42.434874	70
11829	32227	0	M		MYSTIQUE HAIR STUDIO	"6079 W. MAPLE ROAD, WEST BLOOMFIELD MI 48322 US"	-83.379496	42.541626	70
1187	27551	0	F		COMPTON PRESS INDUSTRIES      	"23079 COMMERCE DRIVE, FARMINGTON HILLS MI 48335 US"	-83.424453	42.460692	70
11926	31589	1	M		SOLA SALONS	"5642 W. MAPLE ROAD, WEST BLOOMFIELD MI 48322 US"	-83.35796	42.544134	70
1235	27741	0	W		SUNRISE CAFE                  	"29591 ORCHARD LAKE RD, FARMINGTON HILLS MI 48334 U"	-83.360154	42.515285	70
1241	99051	22	W		JET'S PIZZA MI-042	"27897 ORCHARD LAKE RD, FARMINGTON HILLS MI 48334 U"	-83.361167	42.500151	70
12510	73335	6	F		COMMUNITY FINANCIAL-NORTHVILLE	"400 EAST MAIN ST, NORTHVILLE MI 48167 US"	-83.479038	42.430995	70
12516	73335	11	R		COMMUNITY FINANCIAL-NOVI	"23890 NOVI RD, NOVI MI 48375 US"	-83.474067	42.464171	70
12524	32596	0	F		MEDI LODGE OF FARMINGTON	"34225 GRAND RIVER AVE, FARMINGTON MI 48335 US"	-83.38574	42.468132	70
12606	32656	0	T		POP'S FAMILY DINER	"3330 HIGHLAND RD, WATERFORD MI 48328 US"	-83.352531	42.640231	70
12842	99094	23	R		LMCU 401	"34391 W. 12 MILE RD, FARMINGTON HILLS MI 48331 US"	-83.389305	42.497685	70
12849	99094	30	T		LMCU 404	"6615 HIGHLAND ROAD, WHITE LAKE MI 48383 US"	-83.524016	42.64954	70
13597	32957	0	F		PAPPAROTI	"35572 GRAND RIVER AVE, FARMINGTON HILLS MI 48335 U"	-83.397893	42.469893	70
136	18269	0	T		GREEN APPLE RESTAURA          	"7156 COOLEY LAKE RD., WATERFORD MI 48329 US"	-83.426902	42.615884	70
13604	99062	38	M		MARKET SQUARE #970	"2045 WALNUT LAKE ROAD, WEST BLOOMFIELD MI 48025 US"	-83.322958	42.551349	70
13605	99161	38	M		MARKET SQUARE #970 FIRST AID	"2045 WALNUT LAKE ROAD, WEST BLOOMFIELD MI 18025 US"	-83.322958	42.551349	70
13667	32965	0	T		B-1 TAVERN	"1967 CASS LAKE ROAD, KEEGO HARBOR MI 48320 US"	-83.343607	42.610786	70
13769	99104	16	T		PERFECTION DIST-WHITE LAKE	"10340 HIGHLAND ROAD, WHITE LAKE MI 48336 US"	-83.49094	42.651069	70
13805	99161	49	T		VALUE CENTER MARKET 1294 F.A.	"7300 HIGHLAND ROAD, WATERFORD TOWNSHIP MI 48383 US"	-83.429364	42.661401	70
13963	32997	0	M		HILLEL DAY SCHOOL	"32200 MIDDLEBELT RD, FARMINGTON HILLS MI 48334 US"	-83.337293	42.523525	70
14	1777	0	T		SPT LAKEVIEW MKT              	"9775 ELIZABETH LK RD, UNION LAKE MT MI 48385 US"	-83.477537	42.639332	70
1401	99079	20	R		2 BOOLI  INC 100            	"37610 TWELVE MILE ROAD HALSTED VILLAGE, FARMINGTON"	-83.420165	42.499368	70
14078	99079	19	F		RED ROBIN/ANSARA REST GROUP	"23925 INDUSTRIAL PARK DR, FARMINGTON HILLS MI 4833"	-83.424358	42.464285	70
1435	28507	0	T		GRAPES AND HOPS	"4177 CASS ELIZABETH RD, WATERFORD MI 48328 US"	-83.367912	42.624147	70
14365	33185	0	F		BORDER CANTINA	"21420 NOVI ROAD, NOVI MI 48375 US"	-83.47317	42.445076	70
14368	33187	0	F		MR. KABOB XPRESS-LIVONIA	"19778 HAGGERTY ROAD, LIVONIA MI 48152 US"	-83.432547	42.431612	70
14393	33202	0	T		COPPERSTONE'S RESTAURANT	"4631 HIGHLAND ROAD, WATERFORD MI 48328 US"	-83.380361	42.657752	70
14399	33207	0	F		KEN KEN SUSHI	"38479 W. 10 MILE ROAD, FARMINGTON HILLS MI 48335 U"	-83.426482	42.46765	70
14513	33238	0	T		WATERFORD EAGLES	"1067 S. CASS LAKE ROAD, WATERFORD MI 48328 US"	-83.35396	42.623781	70
1455	28583	0	T		BARTELLIS                     	"100 S. CASS LAKE ROAD, WATERFORD MI 48328 US"	-83.356575	42.637184	70
14681	33305	0	T		MOJAVE CANTINA	"9135 HIGHLAND ROAD, WHITE LAKE MI 48386 US"	-83.466213	42.656439	70
14696	33314	0	T		HEART CARE P.C.	"6889 HIGHLAND ROAD, WATERFORD MI 48327 US"	-83.422306	42.659064	70
14825	33365	0	T		TAQUERIA SAN JOSE	"4550 ELIZABETH LAKE ROAD, WATERFORD MI 48328 US"	-83.377927	42.638983	70
1490	28690	0	T		MOTOR CITY SPEED              	"3215 OLD FARM LANE, COMMERCE MI 48390 US"	-83.44345	42.56901	70
14927	99067	6	W		HAWK COMMUNITY CENTER	"29995 TWELVE MILE, FARMINGTON HILLS MI 48336 US"	-83.346706	42.497978	70
15598	99062	161	M		JOHNNY POMODOROS MK #6124 MEAT	"32906 MIDDLEBELT ROAD, FARMINGTON HILLS MI 48334 U"	-83.338558	42.527919	70
15599	99062	162	M		JOHNNY POMODOROS MK #6124 BAKE	"32906 MIDDLEBELT ROAD, FARMINGTON HILLS MI 48334 U"	-83.338558	42.527919	70
15600	99062	163	M		JOHNNY POMODOROS MK #6124 DELI	"32906 MIDDLEBELT ROAD, FARMINGTON HILLS MI 48334 U"	-83.338558	42.527919	70
15601	99062	164	M		JOHNNY POMODOROS MK #6124 KITC	"32906 MIDDLEBELT ROAD, FARMINGTON HILLS MI 48334 U"	-83.338558	42.527919	70
15602	99062	165	M		JOHNNY POMODOROS MK #6124 PROD	"32906 MIDDLEBELT ROAD, FARMINGTON HILLS MI 48334 U"	-83.338558	42.527919	70
15603	99161	161	M		JOHNNY POMODOROS #6124 FA	"32906 MIDDLEBELT ROAD, FARMINGTON HILLS MI 48334 U"	-83.338558	42.527919	70
15741	33490	0	W		JIANG NAN	"29222 ORCHARD LAKE ROAD, FARMINGTON HILLS MI 48322"	-83.358298	42.511573	70
15757	33492	0	R		TURMERICAN VEGETARIAN CUISINE	"24259 NOVI ROAD, NOVI MI 48375 US"	-83.476167	42.46761	70
15821	33317	1	M		STORY POINT FARMINGTON HILLS	"30637 W. 14 MILE ROAD, FARMINGTON HILLS MI 48334 U"	-83.3526112	42.5277403	70
15879	33579	0	T		BIG TOMMY'S PARTHENON	"40380 GRAND RIVER AVENUE, NOVI MI 48375 US"	-83.444849	42.474625	70
15905	33587	0	R		YATES HEATING & COOLING	"40040 GRAND RIVER SUITE 450, NOVI MI 48375 US"	-83.441927	42.476773	70
15911	99054	49	R		CHARTER COMMUNICATIONS        	"37635 ENTERPRISE CT, FARMINGTON HILLS MI 48331 US"	-83.4193	42.494423	70
15942	33603	0	W		RED BALLOON SALOON	"29276 NORTHWESTERN HWY, SOUTHFIELD MI 48034 US"	-83.312244	42.503895	70
16095	99179	4	W		ROAD COMMISSION OAKLAND COUNTY	"27900 FRANKLIN ROAD, SOUTHFIELD MI 48034 US"	-83.2973627	42.4927257	70
1610	29111	0	R		FARMER JOHNS GREENHOUSE       	"26950 HAGGERTY RD, FARMINGTON HILLS MI 48018 US"	-83.435172	42.490707	70
16145	33673	0	W		LILLIE MAE'S SOUTHERN BUFFET	"29221 NORTHWESTERN HIGHWAY, SOUTHFIELD MI 48034 US"	-83.312111	42.502044	70
16215	31915	4	T		TROPICAL SMOOTHIE CAFE	"340 TOWN CENTER BLVD SUITE 1, WHITE LAKE MI 48386 "	-83.499999	42.648889	70
16221	33716	0	W		"INTELLISTREETS, INC."	"30733 WEST 10 MILE ROAD, FARMINGTON HILLS MI 48336"	-83.35268	42.469704	70
1624	99186	2	F		LA MARSA/FARMINGTON           	"35558 GRAND RIVER, FARMINGTON HILLS MI 48335 US"	-83.397903	42.470261	70
16256	33731	0	R		LEVANTINE GRILL	"39755 GRAND RIVER, NOVI MI 48375 US"	-83.43724	42.4713433	70
1626	29128	0	R		COMMERCE CONTROLS INCORP      	"41069 VINCENTI CT, NOVI MI 48375 US"	-83.449064	42.478564	70
16344	99186	8	W		LA MARSA-CORPORATE OFFICE	"24283 MIDDLEBELT RD, FARMINGTON HILLS MI 48336 US"	-83.37526586	42.47068328	70
16346	99033	321	W		ALRIG-EUREST	"28411 NORTHWESTERN HIGHWAY, SOUTHFIELD MI 48034 US"	-83.298432	42.495727	70
16434	33810	0	T		RIPPLES ON THE LAKE	"8317 HIGHLAND ROAD, WHITE LAKE MI 48386 US"	-83.450669	42.658923	70
16469	33829	0	W		BIG BOY	"32704 GRAND RIVER AVENUE, FARMINGTON MI 48336 US"	-83.369704	42.462382	70
16487	32879	3	F		MR. KABOB XPRESS-LIVONIA	"19778 HAGGERTY ROAD, LIVONIA MI 48152 US"	-83.432547	42.431612	70
1649	29151	0	W		"BAIRD, DAVID M.D.             "	"23133 ORCHARD LAKE RD, FARMINGTON MI 48336 US"	-83.357543	42.461414	70
16533	33866	0	W		QUEST RESEARCH INSTITUTE	"28555 Orchard Lake Road, FARMINGTON HILLS MI 48334"	-83.359929	42.506893	70
16582	33883	0	W		TAQUES BAR AND GRILL	"32758 GRAND RIVER AVE, FARMINGTON MI 48336 US"	-83.370214	42.463856	70
16590	30039	1	F		AAHAR CAFE	"35562 GRAND RIVER AVENUE, FARMINGTON HILLS MI 4833"	-83.397803	42.470055	70
16623	99079	36	R		DAILY JAM	"37611 W 12 MILE ROAD, FARMINGTON HILLS MI 48331 US"	-83.418982	42.496941	70
1669	29174	0	F		THIELENHAUS                   	"42925 W 9 MILE, NOVI MI 48375 US"	-83.468402	42.451601	70
16714	99062	49	T		VALUE CENTER MARKET 1294	"7300 HIGHLAND ROAD, WATERFORD TOWNSHIP MI 48383 US"	-83.429364	42.661401	70
16751	33973	0	R		LEO'S CONEY ISLAND	"33292 WEST 12 MILE ROAD, FARMINGTON HILLS MI 48334"	-83.37663	42.500359	70
16753	33975	0	W		SHOTS BAR & GRILLE	"30859 W. 10 MILE RD, FARMINGTON HILLS MI 48336 US"	-83.354191	42.469397	70
1679	29184	0	W		GRAFS PASTRY KITCHEN          	"30010 12 MILE RD, FARMINGTON HILLS MI 48334 US"	-83.346944	42.500018	70
1680	29185	0	M		WEST MAPLE DENTAL GROUP       	"5813 W MAPLE RD SUITE 145, WEST BLOOMFIELD MI 4832"	-83.366315	42.54215	70
16849	34005	0	R		STRICTLY HEALING TRANSPORT	"41695 GRAND RIVER AVE., FARMINGTON MI 48375 US"	-83.458428	42.476662	70
16876	29128	1	R		COMMERCE CONTROLS INC  	"41326 VINCENTI CT, NOVI MI 48375 US"	-83.4505738	42.47892495	70
1693	29199	0	M		SHANGRI-LA RESTAURANT         	"6407 ORCHARD LAKE RD, WEST BLOOMFIELD MI 48322 US"	-83.358965	42.545045	70
1694	29200	0	W		YOT SUBA                      	"7365 ORCHARD LAKE, WEST BLOOMFIELD MI 48322 US"	-83.35934	42.530981	70
17239	34171	0	W		ILLUMINATING CONCEPTS	"30717 W. 10 MILE, FARMINGTON HILLS MI 48336 US"	-83.352546	42.469658	70
17248	99067	7	W		FARMINGTON HILLS-NATURE CENTER	"24915 FARMINGTON ROAD, FARMINGTON HILLS MI 48336 U"	-83.378189	42.474822	70
17265M	34183	0	M		LAKE SURGERY CENTER	"2300 HAGGERTY ROAD, WEST BLOOMFIELD TWP MI 48323 U"	-83.437721	42.556944	70
17265R	34183	0	R		LAKE SURGERY CENTER	"2300 HAGGERTY ROAD, WEST BLOOMFIELD TWP MI 48323 U"	-83.437721	42.556944	70
1752	29419	0	M		MICHIGAN OMS                  	"6022 W. MAPLE ROAD, WEST BLOOMFIELD MI 48322 US"	-83.377038	42.543561	70
1768	29478	0	T		UNION LAKE PEDIATRIC          	"2630 UNION LAKE RD SUITE 100, COMMERCE MI 48382 US"	-83.446668	42.596581	70
1815	50609	0	M		DEPORRE VET HOSPITAL          	"4066 N. MAPLE RD., BLOOMFIELD HILLS MI 48301 US"	-83.283284	42.545251	70
182	19602	0	T		TONYS DELI                    	"3258 ORCHARD LAKE RD, WEST BLOOMFIELD MI 48324 US"	-83.349113	42.602503	70
1820	50633	0	W		ALLEGRA PRINTING              	"28810 NORTHWESTERN HWY, SOUTHFIELD MI 48034 US"	-83.305838	42.499864	70
1822	50643	0	W		CIVIC CTR OFFICE PLA          	"25882 ORCHARD LAKE #, FARMINGTON HILLS MI 48336 US"	-83.35715	42.484252	70
19	5088	0	F		SHERATON NOVI                 	"21111 HAGGERTY, NOVI MI 48375 US"	-83.435644	42.443134	70
293	21152	0	W		STUDIO FOR HAIR               	"27895 ORCHARD LAKE, FARMINGTON HILLS MI 48334 US"	-83.361171	42.500154	70
571	24119	0	R		GREAT LAKES CONEY ISLAND      	"38425 GRAND RIVER AVE, FARMINGTON HILLS MI 48335 U"	-83.425893	42.469264	70
572	24121	0	R		L GEORGE'S CONEY ISLAND       	"24250 SINACOLA CT, FARMINGTON HILLS MI 48335 US"	-83.419945	42.468883	70
584	24189	0	F		FUMI RESTAURANT               	"24271 NOVI RD, NOVI MI 48375 US"	-83.476227	42.467932	70
622	24335	0	F		NEW BANGKOK CUISINE           	"250 CENTER ST, NORTHVILLE MI 48167 US"	-83.482998	42.432869	70
626	24363	0	W		BANGKOK HUNG                  	"29528 NORTHWESTERN HWY, SOUTHFIELD MI 48034 US"	-83.315363	42.505694	70
764	25081	0	W		ZEDAN LAB                     	"27908 ORCHARD LAKE RD, FARMINGTON HILLS MI 48334 U"	-83.357861	42.500544	70
782	25144	0	F		THE EXCHANGE	"157 E MAIN, NORTHVILLE MI 48167 US"	-83.48148	42.431393	70
8249	29620	0	T		BOSCO'S COFFEE AND KITCHEN	"2850 Orchard Lake Rd, Keego Harbor MI 48320 US"	-83.341062	42.607159	70
8418	29763	0	M		TOARMINA'S PIZZA	"6459 INKSTER RD., BLOOMFIELD TWP MI 48301 US"	-83.320835	42.544684	70
8419	99051	34	M		JET'S PIZZA MI-100	"4082 W. MAPLE RD., BLOOMFIELD TWP MI 48301 US"	-83.283839	42.545109	70
8441	29781	0	F		29 PARK	"43155 MAIN STREET SUITE 208, NOVI MI 48375 US"	-83.470792	42.47812	70
8470	29802	0	W		SOUTHFIELD OBGYN	"29255 NORTHWESTERN HWY 301, SOUTHFIELD MI 48034 US"	-83.312813	42.502569	70
8569	29805	0	R		ENVISION DIAGNOSTIC CENTER	"29409 Haggerty Road, NOVI MI 48377 US"	-83.437529	42.507552	70
8889	30039	0	F		AAHAR INDIAN CUISINE	"35564 GRAND RIVER AVE, FARMINGTON HILLS MI 48335 U"	-83.397962	42.469948	70
8934	30145	0	T		300 BOWL	"100 SOUTH CASS LAKE RD., WATERFORD MI 48328 US"	-83.356575	42.637184	70
8980	30185	0	W		GOLDMAN & MILLER CARDIOLOGY PC	"30335 W 13 MILE RD SUITE 103, FARMINGTON HILLS MI "	-83.352793	42.513332	70
9134	30322	0	W		CAFE CORTINA	"30715 W 10 MILE RD, FARMINGTON HILLS MI 48336 US"	-83.352078	42.46984	70
9225	99186	1	W		LA MARSA-FARM HILLS	"24273 MIDDLEBELT RD, FARMINGTON HILLS MI 48336 US"	-83.33837	42.471514	70
9278	30437	0	W		AL-HARAMAIN INT. FOODS	"24065 ORCHARD LAKE ROAD, FARMINGTON MI 48336 US"	-83.358166	42.469248	70
933	26060	0	W		BANGKOK SALA CAFE             	"27903 ORCHARD LAKE RD, FARMINGTON HILLS MI 48334 U"	-83.36116	42.499941	70
9340	30489	0	W		SCRAMBLER MARIE'S	"27909 ORCHARD LAKE RD, FARMINGTON HILLS MI 48334 U"	-83.361152	42.499719	70
9509	99035	19	M		INDEPENDENT BANK 332	"32900 MIDDLEBELT ROAD, FARMINGTON HILLS MI 48334 U"	-83.340022	42.527783	70
9529	30636	0	T		DICKEY'S BARBECUE PIT	"4825 CARROLL LAKE ROAD, COMMERCE TWP MI 48382 US"	-83.481805	42.592085	70
9583	30679	0	W		MICHIGAN INSTITUTE OF OBGYN	"30445 NORTHWESTERN HWY STE 140, FARMINGTON HILLS M"	-83.327136	42.510447	70
9599	30696	0	R		ASPIRE MEDICAL CLINIC	"2300 HAGGERTY RD SUITE 2190, WEST BLOOMFIELD MI 48"	-83.437751	42.55694	70
9613M	30705	0	M		SEVITA HEALTH	"25911 MIDDLEBELT RD, FARMINGTON HILLS MI 48336 US"	-83.37753252	42.48390533	70
9613R	30705	0	R		SEVITA HEALTH	"25911 MIDDLEBELT RD, FARMINGTON HILLS MI 48336 US"	-83.37753252	42.48390533	70
972	99079	11	R		RED ROBIN 494              	"3003 COMMERCE CROSSING, COMMERCE MI 48390 US"	-83.444537	42.535739	70
979	99240	1	M		MICHIGAN SPINE & PAIN         	"6079 WEST MAPLE ST ST 100 B, WEST BLOOMFIELD MI 48"	-83.379496	42.541626	70
9791	99186	6	M		LA MARSA	"6215 ORCHARD LAKE RD, WEST BLOOMFIELD MI 48322 US"	-83.360123	42.546849	70
9873	30913	0	T		THE VILLAGE GRILL	"1243 N COMMERCE RD, COMMERCE TWP MI 48382 US"	-83.49218	42.596581	70
9880	30920	0	F		KURRYS INDIAN CUISINE	"24361 HALSTEAD RD, FARMINGTON HILLS MI 48335 US"	-83.416681	42.470668	70
