"cu_id"	"Account"	"Customer"	"New Delivery Day"	"Alliant Sequence"	"Customer Name"	"Address"	"X_Longitude"	"Y_Latitude"
"10328"	"73366"	"00000"	"M"	""	"RUSTY SAW TAVERN"	"3459 US 31, BRUTUS MI 49716 US"	"-84.780476"	"45.501422"
"10364"	"73368"	"00000"	"F"	""	"SAND BAR & GRILL"	"9027 W LONG LAKE RD, ALPENA MI 49707 US"	"-83.457461"	"45.177913"
"10861"	"73388"	"00000"	"R"	""	"SHEPLER FERRY-ST IGNACE"	"601 NORTH STATE ST, ST IGNACE MI 49781 US"	"-84.727304"	"45.874211"
"10862"	"73389"	"00000"	"T"	""	"SHEPLER FERRY-MACKINAW"	"556 EAST CENTUZL, MACKINAW CITY MI 49701 US"	"-84.722255"	"45.781478"
"11031"	"73394"	"00000"	"R"	""	"MACKINAW CITY POPCORN FACTORY"	"301 E. CENTRAL, MACKINAW MI 49701 US"	"-84.727024"	"45.781831"
"11217"	"73404"	"00000"	"T"	""	"THUNDER BAY HEALTH-CHEBOYGAN"	"905 W. LINCOLN, CHEBOYGAN MI 49721 US"	"-84.496954"	"45.631863"
"11400"	"73413"	"00000"	"F"	""	"HINCKA LOGGING LLC"	"10881 Michigan Ave, POSEN MI 49776 US"	"-83.698689"	"45.263993"
"11439"	"73415"	"00000"	"R"	""	"THE GREAT TURTLE BREWING & DIS"	"1359 HOBAN ST VIA-STARLINE MACKNIAW CITY, MACKINAW"	"-84.702566"	"45.854405"
"11508"	"70900"	"00002"	"R"	""	"ISLAND HOUSE HOTEL"	"6966 MAIN ST VIA-ARNOLD LINE, MACKINAC ISLAND MI 4"	"-84.702566"	"45.854405"
"11516"	"73425"	"00000"	"T"	""	"KILWINS/MACKINAW CITY"	"226 E. CENTRAL AVE, MACKINAW CITY MI 49701 US"	"-84.728128"	"45.78108"
"11659"	"99138"	"00008"	"R"	""	"WIENERLICIOUS"	"102 E. CENTRAL, MACKINAW CITY MI 49701 US"	"-84.731856"	"45.781227"
"11660"	"99138"	"00004"	"T"	""	"TOAST-A-GO-GO"	"416 S. HURON, MACKINAW CITY MI 49701 US"	"-84.7272872"	"45.7772777"
"11826"	"73444"	"00000"	"W"	""	"FIRST CLASS AUTO REPAIR"	"498 S 6TH STREET, ROGER CITY MI 49779 US"	"-83.814549"	"45.410749"
"11852"	"99031"	"00148"	"R"	""	"BLARNEY CASTLE 850"	"98 W. US 2, ST. IGNACE MI 49781 US"	"-84.7376675"	"45.8569289"
"12053"	"99138"	"00003"	"T"	""	"THE LIGHTHOUSE RESTAURANT"	"718 S HURON, MACKINAW CITY MI 49701 US"	"-84.72358685"	"45.76666453"
"12285"	"73459"	"00000"	"W"	""	"UP NORTH 23"	"530 NORTH 3RD, ROGER CITY MI 49779 US"	"-83.822039"	"45.425158"
"12492"	"73464"	"00000"	"M"	""	"MODERN PHARMACY"	"3944 SOUTH STRAITS HWY, INDIAN RIVER MI 49749 US"	"-84.615057"	"45.405724"
"12585"	"99138"	"00001"	"T"	""	"MACKINAW COFFEE"	"302 SOUTH HURON, MACKINAW CITY MI 49701 US"	"-84.7260475"	"45.7797368"
"12612"	"73474"	"00000"	"R"	""	"MIGHTY MAC"	"7315 MAIN ST, MACKINAW ISLAND MI 49757 US"	"-84.702566"	"45.854405"
"12616"	"99138"	"00006"	"T"	""	"THE HISTORIC DEPOT"	"248 S. HURON, MACKINAW CITY MI 49701 US"	"-84.727314"	"45.780207"
"12619"	"73476"	"00000"	"R"	""	"MASSEY FISH CO."	"1442 W. ROAD, ST IGNACE MI 49781 US"	"-84.738649"	"45.898026"
"12632"	"73415"	"00004"	"R"	""	"VERDE'S"	"7263 MAIN STREET, MACKINAW ISLAND MI 49757 US"	"-84.702566"	"45.854405"
"12635"	"73478"	"00000"	"R"	""	"LEHTOS"	"626 N STATE, ST IGNACE MI 49781 US"	"-84.729966"	"45.874554"
"12751"	"99138"	"00005"	"T"	""	"THE HOOK"	"201 S. HURON, MACKINAW CITY MI 49701 US"	"-84.72469"	"45.779723"
"13055"	"99161"	"00106"	"T"	""	"SPT. FAM FARE #1504 FIRST AID"	"992 S. MAIN, CHEBOYGAN MI 49721 US"	"-84.482382"	"45.628341"
"13078"	"99161"	"00107"	"R"	""	"SPT. FAMILY FARE #1530 FIRST A"	"699 US 2, ST. IGNACE MI 49781 US"	"-84.719267"	"45.857348"
"13139"	"99161"	"00112"	"W"	""	"FAMILY FARE #1502 FIRST AID"	"100 S. BRADLEY HWY., ROGERS CITY MI 49779 US"	"-83.825068"	"45.412883"
"13227"	"73490"	"00000"	"T"	""	"ARBY'S"	"840 SOUTH MAIN, CHEBOYGAN MI 49721 US"	"-84.480959"	"45.630598"
"13544"	"73495"	"00000"	"F"	""	"ALPENA CRTC OPERATIONS"	"5884 A STREET, ALPENA MI 49707 US"	"-83.570402"	"45.077408"
"13581"	"99161"	"00037"	"M"	""	"KEN'S VILLAGE MARKET FIRST AID"	"6433 BARBRA INDIAN RIVER P.O. BOX 2009, INDIAN RIV"	"-84.617712"	"45.403873"
"13670"	"73499"	"00000"	"M"	""	"ORTHOSPORT PHYSICAL THERAPY"	"351 S. STRAITS HWY, INDIAN RIVER MI 49749 US"	"-84.609074"	"45.456869"
"13700"	"70897"	"00001"	"R"	""	"MURDICKS FUDGE"	"190 SHURON AVE SHELPERS BOAT, MACKINAC ISLAND MI 4"	"-84.702566"	"45.854405"
"13939"	"73596"	"00000"	"R"	""	"SANDERS CANDIES"	"303 FERRY LANE, MACKINAC ISLAND MI 49708 US"	"-84.702566"	"45.854405"
"13967"	"73502"	"00000"	"R"	""	"KINGSTON KITCHEN"	"1384 HOBAN, MACKINAC ISLAND MI 49757 US"	"-84.702566"	"45.854405"
"14131"	"73508"	"00000"	"W"	""	"PAC SANITATION"	"1273 M-211, ONAWAY MI 49765 US"	"-84.2270967"	"45.3924317"
"14475"	"73516"	"00000"	"W"	""	"PAINTER PETROLEUM"	"4016 MICHIGAN AVENUE, ONAWAY MI 49765 US"	"-84.23428"	"45.353873"
"14480"	"73517"	"00000"	"M"	""	"THE THIRSTY STURGEON"	"11900 SCOTT ROAD, WOLVERINE MI 49799 US"	"-84.608285"	"45.291799"
"14487"	"73519"	"00000"	"R"	""	"AUDIE'S RESTAURANT"	"314 N. STREET, MACKINAC CITY MI 49701 US"	"-84.7318713"	"45.7844581"
"14501"	"73521"	"00000"	"M"	""	"MOOSE JAW JUNCTION"	"966 W. VAN ROAD, PELLSTON MI 49769 US"	"-84.93467"	"45.594085"
"14502"	"73522"	"00000"	"T"	""	"MULLIGANS RESTAURANT"	"320 NORTH MAIN, CHEBOYGAN MI 49721 US"	"-84.4757"	"45.645423"
"14510"	"73523"	"00000"	"W"	""	"ROGERS CITY POST OFFICE"	"188 N. THIRD ST., ROGERS CITY MI 49779 US"	"-83.816292"	"45.420405"
"14511"	"73523"	"00001"	"F"	""	"POSEN POST OFFICE"	"10933 MICHIGAN AVE., POSEN MI 49776 US"	"-83.69880182"	"45.26080849"
"14520"	"99152"	"00001"	"W"	""	"ONAWAY IMAGING DEPARTMENT"	"21258 W. M-68 HWY, ONAWAY MI 49765 US"	"-84.241833"	"45.354316"
"14550"	"73524"	"00000"	"W"	""	"211 BAR & GRILL"	"3444 M-21, ONAWAY MI 49765 US"	"-84.229347"	"45.431384"
"14554"	"73526"	"00000"	"T"	""	"MICKEY'S MINI MART"	"404 S. HURON AVE, MACKINAC CITY MI 49701 US"	"-84.726833"	"45.7777023"
"14570"	"99137"	"00000"	"W"	""	"ADRIAN'S SPORT SHOP"	"335 N. BRADLEY HWY., ROGERS CITY MI 49779 US"	"-83.831025"	"45.418256"
"14571"	"99137"	"00001"	"W"	""	"ROGERS CITY CITGO"	"159 S. 3RD STREET, ROGERS CITY MI 49779 US"	"-83.81476248"	"45.41856857"
"14572"	"99137"	"00002"	"W"	""	"MILLERSBURG MINI-MART"	"5285 MAIN ST., MILLERSBURG MI 49759 US"	"-84.059679"	"45.337509"
"14698"	"99161"	"00096"	"W"	""	"TOM'S FAMILY MARKET F.A."	"20597 STATE ST, ONAWAY MI 49765 US"	"-84.225687"	"45.356912"
"14760"	"73535"	"00000"	"F"	""	"MALE'S GROCERY, INC."	"6811 LONG RAPIDS ROAD, ALPENA MI 49707 US"	"-83.590538"	"45.130426"
"14832"	"73539"	"00000"	"T"	""	"CHEBOYGAN EAGLES"	"626 N.MAIN, CHEBOYGAN MI 49707 US"	"-84.4732"	"45.647824"
"14858"	"73404"	"00008"	"M"	""	"THUNDER BAY HEALTH-INDIAN RIVE"	"4363 S STRAITS HWY, INDIAN RIVER MI 49749 US"	"-84.626735"	"45.3986933"
"14866"	"73540"	"00000"	"F"	""	"ROUTE 65 DINER"	"10760 MICHIGAN AVE, POSEN MI 49776 US"	"-83.699166"	"45.265708"
"14908"	"73543"	"00000"	"R"	""	"JOHNNIE'S RESTAURANT"	"748 US-2, ST IGNACE MI 49781 US"	"-84.753615"	"45.85502"
"14926"	"73544"	"00000"	"M"	""	"HOPPIES LANDING"	"1395 N. US-31, PELLSTON MI 49769 US"	"-84.785979"	"45.57149"
"15575"	"73547"	"00000"	"R"	""	"THE GALLEY RESTAURANT"	"241 N STATE STREET, ST IGNACE MI 49781 US"	"-84.726083"	"45.868666"
"15577"	"73549"	"00000"	"F"	""	"BOLTON BAR"	"9101 S. BOLTON RD, POSEN MI 49776 US"	"-83.589849"	"45.179134"
"15722"	"73557"	"00000"	"T"	""	"THE WHITE BUFFALO"	"312 E. CENTRAL AVENUE, MACKINAC CITY MI 49701 US"	"-84.726622"	"45.781224"
"15726"	"73558"	"00000"	"F"	""	"PRESQUE ISLE TOWNSHIP"	"12653 E. GRAND LAKE ROAD, PRESQUE ISLE MI 49777 US"	"-83.433039"	"45.243408"
"15760"	"73559"	"00001"	"W"	""	"HOPE SHORES ALLIANCE"	"380 N. THIRD STREET, ROGERS CITY MI 49779 US"	"-83.819108"	"45.422936"
"15834"	"73561"	"00000"	"T"	""	"MAIN STREET FITNESS"	"836 S. MAIN STREET, CHEBOYGAN MI 49721 US"	"-84.481039"	"45.630915"
"15916"	"73565"	"00000"	"T"	""	"LIBBY'S DOWNTOWN"	"411 NORTH MAIN, CHEBOYGAN MI 49721 US"	"-84.475704"	"45.646347"
"15926"	"73566"	"00000"	"R"	""	"THE CLUB AT BREAKERS"	"927 N. STATE STREET, ST. IGNACE MI 49781 US"	"-84.724094"	"45.881262"
"15940"	"73566"	"00001"	"R"	""	"BREAKERS RESORT-HOTEL"	"927 N. STATE STREET, ST. IGNACE MI 49781 US"	"-84.724094"	"45.881262"
"15988"	"73568"	"00000"	"W"	""	"THREE CEDARS RESTAURANT"	"5388 MAIN STREET, MILLERSBURG MI 49759 US"	"-84.06031"	"45.336019"
"15998"	"73569"	"00000"	"F"	""	"SAND BAY MARINA"	"14019 US-23 SOUTH, PRESQUE ISLE MI 49777 US"	"-83.573711"	"45.330811"
"16059"	"73575"	"00000"	"T"	""	"THE BIG DIPPER"	"405 N. MAIN C, CHEBOYGAN MI 49721 US"	"-84.475633"	"45.646333"
"16102"	"73576"	"00000"	"M"	""	"BURT LAKE MARINA"	"7010 BUNKER RD, INDIAN RIVER MI 49749 US"	"-84.6300633"	"45.386125"
"16110"	"73577"	"00000"	"T"	""	"ALCOCK'S MARKET"	"523 MACKINAC AVENUE, CHEBOYGAN MI 49721 US"	"-84.477245"	"45.648505"
"16113"	"73578"	"00000"	"M"	""	"HIDDEN RIVER GOLF CLUB"	"7688 MAPLE RIVER RD, BRUTUS MI 49716 US"	"-84.756687"	"45.50509"
"16157"	"99031"	"00172"	"W"	""	"BLARNEY CASTLE EZ MART 733"	"21016 M-68 HWY 12218 WEST S. BOX 246, ONAWAY MI 49"	"-84.234345"	"45.354374"
"16163"	"233684"	"00000"	"M"	""	"BEACH'S UP IN SMOKE BBQ"	"944 STIMPSON ST, PELLSTON MI 49769 US"	"-84.783554"	"45.564515"
"16242"	"73580"	"00000"	"R"	""	"NORTHERN CONFECTIONS"	"1114 N. STATE STREET, ST IGNACE MI 49781 US"	"-84.726727"	"45.88983"
"16270"	"70613"	"00003"	"T"	""	"SUBWAY-CHEBOYGAN"	"428 N. MAIN STREET, CHEBOYGAN MI 49753 US"	"-84.4748"	"45.646513"
"16295"	"99031"	"00180"	"W"	""	"BLARNEY CASTLE 735"	"101 MICHIGAN AVE, ONAWAY MI 49765 US"	"-84.233642"	"45.353847"
"16296"	"99031"	"00181"	"M"	""	"BLARNEY CASTLE 596"	"6153 M-68 HIGHWAY PO BOX 87, INDIAN RIVER MI 49749"	"-84.61645747"	"45.40442797"
"16297"	"99031"	"00182"	"R"	""	"BLARNEY CASTLE 648"	"101 JAMET ST, MACKINAW CITY MI 49701 US"	"-84.733459"	"45.783405"
"16334"	"99031"	"00189"	"T"	""	"BLARNEY CASTLE 328"	"95851 N STRAITS HWY, CHEBOYGAN MI 49721 US"	"-84.47494532"	"45.60023528"
"16335"	"99031"	"00190"	"M"	""	"BLARNEY CASTLE 650"	"6977 M-68, ALANSON MI 49706 US"	"-84.772182"	"45.442356"
"16336"	"99031"	"00191"	"T"	""	"BLARNEY CASTLE 652"	"604 MAIN ST, CHEBOYGAN MI 49721 US"	"-84.4736878"	"45.6480645"
"16380"	"99189"	"00001"	"M"	""	"BREAKERS TOPINABEE"	"967 N. STRAITS HWY, TOPINABEE MI 49791 US"	"-84.596968"	"45.477781"
"16381"	"99189"	"00002"	"M"	""	"THE WIGWAM"	"4529 ONAWAY RD, INDIAN RIVER MI 49749 US"	"-84.579291"	"45.41068"
"16424"	"73584"	"00000"	"R"	""	"PATRICK DOUDS IRISH PUB"	"7304 MAIN STREET, MACKINAC ISLAND MI 49757 US"	"-84.702566"	"45.854405"
"16445"	"73586"	"00000"	"F"	""	"GRAYLING AIR GUNNERY RANGE"	"5884 A STREET, ALPENA MI 49707 US"	"-83.570402"	"45.077408"
"16517"	"73588"	"00000"	"M"	""	"TUBE FAB ROMAN ENGINEERING"	"1715 M-68 EAST, AFTON MI 49705 US"	"-84.455976"	"45.374971"
"16636"	"73590"	"00000"	"W"	""	"TRACTOR SUPPLY 2744"	"1015 M-68, ROGERS CITY MI 49779 US"	"-83.828776"	"45.41149"
"16638"	"73591"	"00000"	"T"	""	"STEP INN"	"325 N MAIN STREET, CHEBOYGAN MI 49721 US"	"-84.476249"	"45.645734"
"16716"	"73595"	"00000"	"M"	""	"BRUTUS CAMP DELI LLC"	"4086 US 31, ALANSON MI 49706 US"	"-84.86471"	"45.41668"
"16899"	"99189"	"00003"	"M"	""	"TORREY TAVERN LLC"	"12946 S. STRAITS HWY, WOLVERINE MI 49799 US"	"-84.603892"	"45.273879"
"16980"	"70897"	"00004"	"T"	""	"MURDICK'S FUDGE-MACKINAW CITY"	"190 S. HURON AVE, MACKINAW CITY MI 49701 US"	"-84.728079"	"45.780752"
"17076"	"73470"	"00003"	"M"	""	"BIGGBY COFFEE-INDIAN RIVER"	"4141 CLUB RD, INDIAN RIVER MI 49749 US"	"-84.610099"	"45.401743"
"17095"	"73063"	"00015"	"M"	""	"A.H.C.-INDIAN RIVER"	"6135 CRESSY ST, INDIAN RIVER MI 49749 US"	"-84.612696"	"45.407135"
"17111"	"73610"	"00000"	"T"	""	"MACKINAC STRAITS HEALTH SYSTEM"	"1140 N. STATE STREET, ST. IGNACE MI 49781 US"	"-84.729455"	"45.890529"
"17141"	"73611"	"00000"	"W"	""	"HILLTOP MANOR"	"643 W. ERIE STREET, ROGERS CITY MI 49779 US"	"-83.822453"	"45.414758"
"1847"	"70010"	"00000"	"R"	""	"DARROW'S FAMILY RESTAURANT    "	"301 N. LOUVINGNY P.O.BOX 857, MACKINAW CITY MI 497"	"-84.7345663"	"45.78622355"
"1848"	"70011"	"00000"	"R"	""	"JOANN'S FUDGE - MAC. CITY     "	"303 E. CENTRAL AVE., MACKINAW CITY MI 49701 US"	"-84.7269835"	"45.7818955"
"1850"	"70013"	"00000"	"R"	""	"THE BRIDGEVIEW 24-HR DINER    "	"110 W. CENTRAL, MACKINAW CITY MI 49701 US"	"-84.7335357"	"45.7820272"
"1851"	"70900"	"00004"	"R"	""	"STARBUCKS                     "	"7308 MIAN ST VIA-ARNOLD LINE, MACKINAC ISLAND MI 4"	"-84.702566"	"45.854405"
"1852"	"73474"	"00001"	"R"	""	"JOANN'S FUDGE "	"303 E CENTRAL AVE VIA-ARNOLD LINE, MACKINAC ISLAND"	"-84.702566"	"45.854405"
"1858"	"70021"	"00000"	"W"	""	"STATE STREET DAIRY"	"20560 STATE ST, ONAWAY MI 49765 US"	"-84.224949"	"45.357768"
"1861"	"70024"	"00000"	"F"	""	"CURTIS EXCAVATING             "	"501 PARK DR, ROGERS CITY MI 49779 US"	"-83.8146995"	"45.4092202"
"1873"	"70901"	"00001"	"R"	""	"YANKEE REBEL                  "	"1493 ASTOR ST VIA-SHEPPLER ST IGNACE, MACKINAC ISL"	"-84.702566"	"45.854405"
"1896"	"99138"	"00000"	"T"	""	"NONNA LISA                    "	"312 S. HURON, MACKINAW CITY MI 49701 US"	"-84.726742"	"45.778344"
"1907"	"70324"	"00000"	"W"	""	"ONAWAY AUTO SALES             "	"21061 M-68, ONAWAY MI 49765 US"	"-84.235743"	"45.353455"
"1985"	"70537"	"00000"	"F"	""	"Shalla's                      "	"326 Long Lake Ave, Alpena MI 49707 US"	"-83.431766"	"45.07232"
"2007"	"70559"	"00000"	"F"	""	"PHELPS COLLINS THE RIVER CLUB"	"5884 G Street Phelps Collins ANG, Alpena MI 49707 "	"-83.56943546"	"45.08239218"
"2061"	"70618"	"00000"	"F"	""	"GOODRICH PAVING               "	"5614 WESSEL RD., ALPENA MI 49707 US"	"-83.4131945"	"45.1285713"
"2214"	"99052"	"00009"	"F"	""	"APS HINKS ELEMENTARY SCHOOL"	"7667 US-23, ALPENA MI 49707 US"	"-83.425815"	"45.157881"
"2258"	"70832"	"00000"	"M"	""	"Wilson's Rivers Edge          "	"4208 South Straits Hwy, Indian River MI 49749 US"	"-84.61889"	"45.402212"
"2262"	"99062"	"00037"	"M"	""	"KEN'S VILLAGE MARKET 213"	"6433 Barbra Indian River P.O. Box 2009, Indian Riv"	"-84.617712"	"45.403873"
"2268"	"99138"	"00002"	"R"	""	"Dixie Saloon Food & Spirits   "	"401 E. Central, Mackinaw City MI 49701 US"	"-84.72528021"	"45.78164795"
"2270"	"70845"	"00000"	"T"	""	"American Legion Post 159      "	"106 South Huron, Mackinaw City MI 49701 US"	"-84.725846"	"45.780905"
"2271"	"70846"	"00000"	"R"	""	"Key Hole Bar                  "	"323 Central Ave., Mackinaw City MI 49701 US"	"-84.73892103"	"45.78160244"
"2276"	"70852"	"00000"	"M"	""	"DOUGLAS LAKE BAR & STEAKHOUSE "	"7314 DOUGLAS LAKE DRIVE, PELLSTON MI 49769 US"	"-84.713895"	"45.570118"
"2283"	"99047"	"00007"	"T"	""	"ALPENA ALCONA CU-CHEBOYGAN"	"1005 S MAIN ST, Cheboygan MI 49721 US"	"-84.4781"	"45.628607"
"2287"	"99061"	"00106"	"T"	""	"SPT. FAMILY FARE #1504"	"992 S. MAIN 992 S MAIN ST, CHEBOYGAN MI 49721 US"	"-84.482382"	"45.628341"
"2291"	"99178"	"00001"	"T"	""	"BIG BOY RESTAURANT"	"861 S MAIN ST, Cheboygan MI 49721 US"	"-84.479025"	"45.630277"
"2295"	"70876"	"00000"	"T"	""	"Straits Area Printing         "	"313 LaFayette Ave, Cheboygan MI 49721 US"	"-84.463406"	"45.641245"
"2302"	"70883"	"00000"	"T"	""	"Modern Pharmacy               "	"127 N. Main Street, Cheboygan MI 49721 US"	"-84.477712"	"45.643871"
"2303"	"99120"	"00003"	"T"	""	"NICOLET BANK - CHEBOYGAN     "	"350 S. MAIN ST., CHEBOYGAN MI 49721 US"	"-84.481111"	"45.639918"
"2313"	"70894"	"00000"	"R"	""	"MDOT-St. Ignace               "	"500 FERRY LANE, St. Ignace MI 49781 US"	"-84.7036623"	"45.8532267"
"2314"	"70895"	"00000"	"R"	""	"Village Inn  - St. Ignace     "	"250 S. State St., St. Ignace MI 49781 US"	"-84.719227"	"45.864279"
"2315"	"99061"	"00107"	"R"	""	"SPT. FAMILY FARE #1530"	"699 US 2 4200 Manchester, ST. IGNACE MI 49781 US"	"-84.719267"	"45.857348"
"2316"	"70897"	"00000"	"R"	""	"GOOD DAY CAFE"	"7216 MAIN ST FREIGHT BOAT ONLY, MACKINAC ISLAND MI"	"-84.702566"	"45.854405"
"2317"	"70897"	"00003"	"R"	""	"MURDICK'S FUDGE ST IGNACE     "	"204 N. STATE ST., ST. IGNACE MI 49781 US"	"-84.725508"	"45.868168"
"2319"	"70900"	"00000"	"R"	""	"PANCAKE HOUSE                 "	"7245 MAINT ST VIA-ARNOLD LINE, MACKINAC ISLAND MI "	"-84.702566"	"45.854405"
"2320"	"70901"	"00000"	"R"	""	"HORN'S BAR                    "	"7300 Main St VIA-SHEPPLER ST IGNACE, MACKINAC ISLA"	"-84.702566"	"45.854405"
"2323"	"70904"	"00000"	"R"	""	"MILLIES ON MAIN               "	"7294 MAIN ST VIA-ARNOLD LINE, MACKINAC ISLAND MI 4"	"-84.702566"	"45.854405"
"2324"	"70900"	"00003"	"R"	""	"MARY'S BISTRO                 "	"7463 MAINT ST VIA-STARLINE, MACKINAC ISLAND MI 497"	"-84.702566"	"45.854405"
"2531"	"73404"	"00003"	"W"	""	"THUNDER BAY HEALTH - HS       "	"4549 M 33 SBHC-HIGH SCHOOL, ONAWAY MI 49765 US"	"-84.22842"	"45.349038"
"2532"	"71128"	"00000"	"W"	""	"Woodwind Restaurant           "	"20812 WASHINGTON AV, Onaway MI 49765 US"	"-84.230515"	"45.356856"
"2535"	"71131"	"00000"	"W"	""	"Eagles - Millersburg          "	"12551 Orcutt Hwy., Millersburg MI 49759 US"	"-84.0613377"	"45.3661027"
"2536"	"71132"	"00000"	"W"	""	"Manzana's Deli                "	"4068 Michigan Ave., Onaway MI 49765 US"	"-84.234335"	"45.35316"
"2539"	"99062"	"00096"	"W"	""	"TOM'S FAMILY MARKET 132"	"20597 STATE ST, Onaway MI 49765 US"	"-84.225687"	"45.356912"
"2540"	"71136"	"00000"	"W"	""	"City of Onaway - City Hall    "	"20774 Historical Courthouse P.O. Box 761, Onaway M"	"-84.2293266"	"45.3582667"
"2544"	"99126"	"00003"	"W"	""	"ROGERS CITY ACE HARDWARE"	"1040 M-68, ROGERS CITY MI 49779 US"	"-83.831066"	"45.411787"
"2546"	"73404"	"00002"	"W"	""	"Thunder Bay Health - Rogers Ci"	"205 S Bradley, ROGERS CITY MI 49779 US"	"-83.82689"	"45.411073"
"2549"	"71145"	"00000"	"T"	""	"LUTZ AUTO REPAIR LLC"	"5613 US-23 North, Rogers City MI 49779 US"	"-83.888645"	"45.467345"
"2550"	"71146"	"00000"	"W"	""	"Mike Lynch Ford               "	"135 N. Bradley Hwy, Roger City MI 49779 US"	"-83.827958"	"45.413196"
"2552"	"71148"	"00000"	"W"	""	"Chee Peng Restaurant          "	"119 W. Third St., Rogers City MI 49779 US"	"-83.82518609"	"45.42534022"
"2553"	"71149"	"00000"	"F"	""	"Kelly's Venture Inn           "	"3090 US-23 North, Rogers City MI 49779 US"	"-83.783115"	"45.369474"
"2556"	"99047"	"00008"	"W"	""	"ALPENA ALCONA CU-ROGERS CITY"	"478 N. Third St., Rogers City MI 49779 US"	"-83.820821"	"45.424324"
"2557"	"99061"	"00112"	"W"	""	"FAMILY FARE #1502"	"100 S. BRADLEY HWY., ROGERS CITY MI 49779 US"	"-83.825068"	"45.412883"
"2563"	"71159"	"00000"	"W"	""	"BISHOP CHEVROLET BUICK, INC."	"420 US 23, Rogers City MI 49779 US"	"-83.831488"	"45.420216"
"2564"	"71160"	"00000"	"F"	""	"CHEBOYGAN LIFE SUPPORT"	"500 PARK DR, ROGERS CITY MI 49779 US"	"-83.8145335"	"45.4099945"
"2565"	"71161"	"00000"	"W"	""	"Lighthouse Restaurant         "	"377 N. Third St., Rogers City MI 49779 US"	"-83.819707"	"45.422754"
"2567"	"71163"	"00000"	"W"	""	"NAUTICAL CITY QUICK LUBE"	"100 N. Bradley Hwy., Rogers City MI 49779 US"	"-83.826581"	"45.413889"
"2653"	"71251"	"00000"	"F"	""	"FIRST MERIT BANK 0100217     "	"10875 Michigan Ave 101 N. Washington Ave., Posen M"	"-83.6986898"	"45.2639402"
"2654"	"99047"	"00009"	"F"	""	"ALPENA ALCONA CU-POSEN"	"10514 N. Michigan, Posen MI 49776 US"	"-83.69812945"	"45.19829557"
"2657"	"71255"	"00000"	"F"	""	"E & T Party Store             "	"7090 State St., Posen MI 49776 US"	"-83.70091003"	"45.26221469"
"2762"	"71366"	"00000"	"T"	""	"Marshall's Fudge              "	"308 E. Central Ave., Mackinaw City MI 49701 US"	"-84.726801"	"45.781267"
"2781"	"99192"	"00003"	"F"	""	"Benjey Grinding Shop          "	"108 E. Herman St., Alpena MI 49707 US"	"-83.41696"	"45.071606"
"2793"	"71399"	"00000"	"F"	""	"Hideaway Bar                  "	"10085 US 23, Alpena MI 49707 US"	"-83.434629"	"45.19375"
"2798"	"70900"	"00001"	"R"	""	"SEABISCUIT                    "	"1997 MAIN ST. VIA-ARNOLD LINE, MACKINAW ISLAND MI "	"-84.702566"	"45.854405"
"2808"	"71415"	"00000"	"F"	""	"O.N. Minerals                 "	"1035 Calcite Rd., Rogers City MI 49779 US"	"-83.786929"	"45.413892"
"2818"	"71425"	"00000"	"F"	""	"ALPENA CRTC ROADS AND GROUNDS "	"5884 A STREET, ALPENA MI 49707 US"	"-83.570402"	"45.077408"
"2857"	"73020"	"00000"	"F"	""	"ALPENA CRTC BASE SERVICES 122"	"5884 A-STREET, ALPENA MI 49707-8125 US"	"-83.570402"	"45.077408"
"2873"	"99212"	"00004"	"M"	""	"AWAKON FCU-WOLVERINE"	"12842 S. STATE HWY, WOLVERINE MI 49799 US"	"-84.604131"	"45.275245"
"2874"	"99212"	"00000"	"W"	""	"AWAKON FCU-ROGER CITY"	"279 US 23, ROGER CITY MI 49779 US"	"-83.82554"	"45.410058"
"2876"	"99212"	"00003"	"W"	""	"AWAKON FCU-ONWAY"	"20855 WASHINGTON AVE, ONWAY MI 49765 US"	"-84.230923"	"45.355924"
"2879"	"73047"	"00000"	"T"	""	"DUNCAN BAY BOAT CLUB          "	"902 BOAT CLUB DRIVE P.O. BOX 6041, CHEBOYGAN MI 49"	"-84.4408249"	"45.651286"
"2898"	"73079"	"00000"	"M"	""	"CHEBOYGAN COUNTY ROAD COMMISSI"	"7055 BUNKER RD, INDIAN RIVER MI 49749 US"	"-84.63181"	"45.38522"
"2918"	"73107"	"00000"	"F"	""	"ALPENA CRTC VECHILE MAINTENANC"	"5884 A ST BLDG 7, ALPENA MI 49707 US"	"-83.570402"	"45.077408"
"2933"	"73126"	"00000"	"M"	""	"INLAND TRANSMISSIONS          "	"5839 S. Straits Highway, INDIAN RIVER MI 49749 US"	"-84.628567"	"45.377482"
"2943"	"73404"	"00001"	"W"	""	"THUNDER BAY HEALTH            "	"21258 W M-68 HWY PO Box 722, ONAWAY MI 49765 US"	"-84.241833"	"45.354316"
"2992"	"73190"	"00000"	"W"	""	"MEDILODGE OF ROGERS CITY"	"555 N BRADLEY HWY STE D, ROGER CITY MI 49779 US"	"-83.835276"	"45.422107"
"3001"	"70897"	"00002"	"R"	""	"ISLAND SLICE PIZZERIA         "	"7234 MAIN ST, MACKINAW ISLAND MI 49757 US"	"-84.702566"	"45.854405"
"8534"	"99031"	"00061"	"M"	""	"BLARNEY CASTLE 220"	"7640 US31 SOUTH, ALANSON MI 49706 US"	"-84.790692"	"45.440122"
"8562"	"99031"	"00089"	"M"	""	"BLARNEY CASTLE 592"	"4524 S. STRAITS HWY, INDIAN RIVER MI 49749 US"	"-84.629691"	"45.396483"
"8563"	"99031"	"00090"	"M"	""	"BLARNEY CASTLE 600"	"6220 M-68, INDIAN RIVER MI 49749 US"	"-84.612644"	"45.404069"
"8564"	"99031"	"00091"	"T"	""	"BLARNEY CASTLE 808"	"912 S. MAIN ST, CHEBOYGAN MI 49721 US"	"-84.479725"	"45.629212"
"8565"	"99031"	"00092"	"W"	""	"BLARNEY CASTLE 816"	"101 S. BRADLEY HWY, ROGERS CITY MI 49779 US"	"-83.827251"	"45.412317"
"8566"	"99031"	"00093"	"R"	""	"BLARNEY CASTLE 852"	"200 S. STATE, ST IGNACE MI 49781 US"	"-84.719516"	"45.864588"
"8567"	"99031"	"00094"	"R"	""	"BLARNEY CASTLE 856"	"917 W US-2, ST IGNACE MI 49781 US"	"-84.736125"	"45.855959"
"8650"	"99031"	"00097"	"M"	""	"BLARNEY BRANCH OFFICE"	"6416 RIGGSVILLE RD, CHEBOYGAN MI 49721 US"	"-84.618787"	"45.578816"
"8702"	"73260"	"00000"	"T"	""	"TENDERCARE"	"824 S. HURON ST., CHEBOYGAN MI 49721 US"	"-84.486234"	"45.629578"
"8707"	"73262"	"00000"	"T"	""	"ROSA'S SQUEEZE INN"	"16454 US 23 N, MILLERSBURG MI 49759 US"	"-84.097241"	"45.494593"
"8748"	"73264"	"00000"	"T"	""	"PIER M33 ON THE CHEBOYGAN"	"9500 N. M-33, CHEBOYGAN MI 49721 US"	"-84.473717"	"45.596049"
"9052"	"73277"	"00000"	"F"	""	"ALPENA CRTC-CUSTODIAL SERVICES"	"5884 A ST, ALPENA MI 49707 US"	"-83.570402"	"45.077408"
"9098"	"99212"	"00001"	"M"	""	"AWAKON FCU-INDIAN RIVER"	"6272 M-68 HWY, INDIAN RIVER MI 48749 US"	"-84.614052"	"45.404438"
"9279"	"73289"	"00000"	"F"	""	"IMPORT & DOMESTIC AUTO SERVICE"	"6201 US 23 N, ALPENA MI 49707 US"	"-83.440227"	"45.137021"
"9732"	"99031"	"00104"	"F"	""	"BLARNEY CASTLE #772"	"10706 MICHIGAN AVE POSEN EZ MART #772, POSEN MI 49"	"-83.699364"	"45.266696"
