Acct #	Cust #	Week #	New Rt	New Delivery Day	New Stop	Customer Name	DisplayAddressFull	X_Longitude	Y_Latitude	Custom
231010	0	Week1	13	F	1	CHASE CREEK SMOKEHOUSE	7143 DEPOT ST, CHASE MI 49623 US,   US	-85.63774	43.886363	
216207	0	Week1	13	F	2	INDIAN SUMMER-TRUCKING	3958 CHAUVEZ RD., LUDINGTON MI 49431 US,   US	-86.378489	43.906232	
216206	0	Week1	13	F	3	INDIAN SUMMER-P1	3958 CHAUVEZ RD., LUDINGTON MI 49431 US,   US	-86.378489	43.906232	
222222	0	Week1	13	F	4	HACKERT FARMS	3989 W CHAUVEZ RD, LUDINGTON MI 49431 US,   US	-86.37843	43.9050233	
230243	0	Week1	13	F	5	CRYSTAL VALLEY HEATING	7682 N 126 AVE, HART MI 49420 US,   US	-86.242294	43.7822919	2
217029	0	Week2	13	F	5	SA GOLF/LAKESIDE LINKS	5369 CHAUVEZ, LUDINGTON MI 49431 US,   US	-86.412087	43.901139	1
99031	43	Week1	13	F	6	BLARNEY CASTLE #544	223 S State St, Hart MI 49420 US, HART MI 49420 US,   US	-86.36421	43.700257	
217114	0	Week1	13	F	7	GRAY AND COMPANY	3325 W. POLK RD., HART MI 49420 US,   US	-86.3583595	43.6874175	
99147	0	Week1	13	F	8	HANSEN FOODS-PRODUCE	3750 W POLK RD, HART MI 49420 US,   US	-86.371581	43.689335	
99147	1	Week1	13	F	9	HANSEN FOODS-MEAT	3750 W POLK RD, HART MI 49420 US,   US	-86.371581	43.689335	
99147	2	Week1	13	F	10	HANSEN FOODS-GROCERY	3750 W POLK RD, HART MI 49420 US,   US	-86.371581	43.689335	
99147	3	Week1	13	F	11	HANSEN FOODS-BAKERY DELI	3750 W POLK RD, HART MI 49420 US,   US	-86.371581	43.689335	
99031	44	Week1	13	F	12	BLARNEY CASTLE #552	4279 WEST POLK RD, HART MI 49420 US,   US	-86.3849	43.688183	
233401	0	Week1	13	F	13	SANDS RESTAURANT	8448 W HAZEL RD, MEARS MI 49436 US,   US	-86.488719	43.667917	
231942	0	Week1	13	F	14	BIG HART BREWING COMPANY	4086 W. POLK ROAD, HART MI 49420 US,   US	-86.380126	43.689663	
210049	1	Week1	13	F	15	GILLISON'S VARIETY FABRICATION	3860 W MONROE RD, HART MI 49420 US,   US	-86.3753648	43.7621182	
99031	154	Week1	13	F	16	BLARNEY CASTLE #899 EZ MART	9580 N BUS US-31, PENTWATER MI 49449 US,   US	-86.412253	43.817733	
222221	0	Week1	13	F	17	MICH FOOD PROCESSING	5130 S PERE MARQUETTE HWY, LUDINGTON MI 49431-9734,   US	-86.39829	43.8645867	
203646	0	Week1	13	F	18	TOWNS BROTHERS CONST	830 PERE MARQUETTE HIGHWAY, LUDINGTON MI 49431 US,   US	-86.415006	43.941086	
217549	0	Week2	13	F	18	CAL-CHLOR	5379 W 6TH ST. P.O. BOX 622, LUDINGTON MI 49431 US,   US	-86.412365	43.941224	2
229890	0	Week1	13	F	19	SKOOG HEATING & COOLING	1102 S MADISON ST., LUDINGTON MI 49431 US,   US	-86.436709	43.9442672	
228138	0	Week1	13	F	20	BRENDAS HARBOR CAFE	316 S JAMES, LUDINGTON MI 49431 US,   US	-86.447957	43.952878	
99054	13	Week2	13	F	20	CHARTER COMMUNICATIONS	590 S. US31 PERE MARQUETTE, LUDINGTON MI 49431 US,   US	-86.415554	43.945588	2
220672	0	Week1	13	F	21	JAMES PORT BREWING CO.	412 S. JAMES, LUDINGTON MI 49431 US,   US	-86.4482817	43.9521283	
230394	0	Week2	13	F	21	QUICK-WAY, INC.	1004 CONRAD IND. DR, LUDINGTON MI 49431 US,   US	-86.42455	43.9456383	1
228208	0	Week1	13	F	22	JAMES PORT BREWING CO	412 S. JAMES, LUDINGTON MI 49431 US,   US	-86.4482817	43.9521283	
209224	0	Week2	13	F	22	METAL WORKS	901 6TH STREET, LUDINGTON MI 49431 US,   US	-86.4227187	43.9429288	3
229698	0	Week1	13	F	23	LUDINGTON WEST	300 SOUTH RATH, LUDINGTON MI 49431 US,   US	-86.4494315	43.9532657	
221200	0	Week1	13	F	24	CHEF JOHN'S BAKERY	110 W. FILER, LUDINGTON MI 49431 US,   US	-86.448457	43.953709	
228350	0	Week1	13	F	25	EAGLES 1354	108 S HARRISON, LUDINGTON MI 49431 US,   US	-86.446783	43.954897	
231353	0	Week2	13	F	29	LUCIANO'S RISTORANTI	103 W. LUDINGTON AVE., LUDINGTON MI 49431 US,   US	-86.448005	43.955276	2
231338	0	Week2	13	F	30	LENZ-BALDER INSURANCE	201 E COURT ST, LUDINGTON MI 49431 US,   US	-86.4461	43.956825	1
99077	2	Week2	13	F	32	NORTHWEST MI HEALTH-LUDINGTON	920 DIANA ST SUITE 100, LUDINGTON MI 49431 US,   US	-86.432155	43.957413	2
226138	0	Week2	13	F	33	MEDILODGE OF LUDINGTON	1000 E TINKHAM, LUDINGTON MI 49431 US,   US	-86.42835	43.962758	2
220367	1	Week2	13	F	34	DYNAMIC PHYS-LUDINGTON	250 NELSON RD, LUDINGTON MI 49431 US,   US	-86.4237	43.96087	1
220367	2	Week2	13	F	35	DYNAMIC PHYS-LUDINGTON BLDG	250 NELSON DR, LUDINGTON MI 49431 US,   US	-86.4237	43.96087	1
227893	0	Week2	13	F	36	BELA FLORAL	5734 W US 10, LUDINGTON MI 49431 US,   US	-86.422328	43.956553	3
232547	0	Week2	13	F	37	MERCY HEALTH LUDINGTON REHAB	5656 US 10, LUDINGTON MI 49431 US,   US	-86.421398	43.956881	2
886085	6084	Week2	13	F	38	GOODWILL LUDINGTON #233	4781 WEST US 10, LUDINGTON MI 49431 US,   US	-86.397608	43.954878	1
232854	0	Week2	13	F	39	SPARTAN WEST BOWLING	2253 W US HWY 10, LUDINGTON MI 49431 US,   US	-86.335801	43.954677	1
99063	7	Week2	13	F	40	DTE ENERGY	2230 West US 10, LUDINGTON MI 49431 US,   US	-86.3353047	43.9560632	1
224406	0	Week2	13	F	41	STEPHENS FUNERAL CHAPEL	305 E. STATE, SCOTTVILLE MI 49454 US,   US	-86.2756153	43.955073	1
230785	0	Week2	13	F	42	BRIGGS FARMS INC	581 N TUTTLE RD, SCOTTVILLE MI 49454 US,   US	-86.2413733	43.9633717	1
99031	96	Week1	13	M	1	BLARNEY CASTLE OIL #820	4630 HIGH BRIDGE RD., BRETHREN MI 48654 US,   US	-86.0215599	44.3057299	
229489	0	Week1	13	M	2	TRAKS BAR & GRILL	5073 HIGHBRIDGE RD, BRETHERN MI 49619 US,   US	-86.020317	44.312707	
216454	0	Week1	13	M	3	GENTZ FOREST PRODUCTS	4796 Highbridge Rd., Brethren MI 49619 US,   US	-86.0225423	44.3088845	
231873	11	Week1	13	M	4	LRC SLOTS #110	2700 ORCHARD HWY, MANISTEE MI 49660 US,   US	-86.24776	44.285855	
231873	6	Week1	13	M	5	LRC-ADM 260	2700 ORCHARD HWY, MANISTEE MI 49660 US,   US	-86.24776	44.285855	
231873	10	Week1	13	M	6	LRC-RIVER ROCK BAR & GRILL 280	2700 ORCHARD HWY, MANISTEE MI 49660 US,   US	-86.24776	44.285855	
231873	3	Week1	13	M	7	LRC-FOOD COURT 215	2700 ORCHARD HWY, MANISTEE MI 49660 US,   US	-86.24776	44.285855	
231873	8	Week1	13	M	8	LRC-GROUNDS	2700 ORCHARD HWY, MANISTEE MI 49660 US,   US	-86.24776	44.285855	
231873	4	Week1	13	M	9	LRC-BANQUETS 240	2700 ORCHARD HWY, MANISTEE MI 49660 US,   US	-86.24776	44.285855	
231873	7	Week1	13	M	10	LRC-MAINTENANCE	2700 ORCHARD HWY, MANISTEE MI 49660 US,   US	-86.24776	44.285855	
231873	9	Week1	13	M	11	LITTLE RIVER CASINO-EVS	2700 ORCHARD HWY, MANISTEE MI 49660 US,   US	-86.24776	44.285855	
231873	1	Week1	13	M	12	LRC-RAPIDS 200	2700 ORCHARD HWY, MANISTEE MI 49660 US,   US	-86.24776	44.285855	
99031	10	Week1	13	M	13	LRC-STEAKHOUSE 220	2700 ORCHARD HWY, MANISTEE MI 49660 US,   US	-86.24776	44.285855	
231873	0	Week1	13	M	14	LITTLE RIVER CASINO-KITCHENS	2700 ORCHARD HWY, MANISTEE MI 49660 US,   US	-86.24776	44.285855	
228247	0	Week1	13	M	15	LITTLE RIVER INDIANS-COMMODITI	2700 ORCHARD, MANISTEE MI 49660 US,   US	-86.24776	44.285855	
228242	0	Week1	13	M	16	LITTLE RIVER INDIANS-GAMING CO	2840 ORCHARD HIGHWAY SUITE A, MANISTEE MI 49660 US,   US	-86.2447252	44.287057	
228240	0	Week1	13	M	17	LITTLE RIVER INDIANS-NEWLAND	3031 DOMRES ROAD, MANISTEE MI 49660 US,   US	-86.2425838	44.3067756	
228632	0	Week1	13	M	18	AKI COMMUNITY CENTER	2953 SHAW BE QUO UNG, MANISTEE MI 49660 US,   US	-86.2702874	44.2872314	
231160	1	Week1	13	M	19	LITTLE RIVER FITNESS	2608 GOVERNMENT CENTER DR, MANISTEE MI 49660 US,   US	-86.240145	44.284282	
231160	0	Week1	13	M	20	LITTLE RIVER GOVERNMENT CTR	2608 GOVERNMENT CENTER DR, MANISTEE MI 49660 US,   US	-86.240145	44.284282	
230829	0	Week1	13	M	21	LITTLE RIVER TRADING POST	2596 LOON DR, MANISTEE MI 49660 US,   US	-86.2424285	44.2840761	
231138	0	Week1	13	M	22	MANISTEE HEALTH BUILDING LLC	1806 PARKDALE, MANISTEE MI 49660 US,   US	-86.26686	44.274409	1
222752	0	Week3	13	M	22	DYNAMIC PHYSICAL THERAPY	1806 E PARKDALE SUITE 1, MANISTEE MI 49660 US,   US	-86.26686	44.274409	3
99031	101	Week1	13	M	23	BLARNEY CASTLE #746	1021 EAST PARKDALE AVE BLARNEY CASTLE #746, MANIST,   US	-86.283229	44.270403	
99117	15	Week1	13	M	24	WESCO #36	330 PARKDALE AVE, MANISTEE MI 49660 US,   US	-86.303095	44.267848	
228538	0	Week3	13	M	24	FILER CREDIT UNION PARKDALE	1778 KEMMER RD, MANISTEE MI 49600 US,   US	-86.273935	44.272636	1
99031	109	Week1	13	M	25	TEXACO EXPRESS LUBE	315 PARKDALE AVE., MANISTEE MI 49660 US,   US	-86.305254	44.266774	2
232831	0	Week1	13	M	26	KEN'S AUTO REPAIR	4 HAHN RD, MANISTEE MI 49660 US,   US	-86.307983	44.267313	2
227455	0	Week1	13	M	27	BIG ALS	221 PARKDALE AVE, MANISTEE MI 49660 US,   US	-86.310416	44.265668	
232770	0	Week1	13	M	28	DINER 31	267 ARTHUR STR, MANISTEE MI 49660 US,   US	-86.315024	44.263481	1
214819	0	Week1	13	M	29	MUFFLER MAN	245 ARTHUR ST, MANISTEE MI 49660 US,   US	-86.315754	44.262937	
233297	0	Week1	13	M	30	LA RIVIERA MEXICAN GRILL	215 ARTHUR ST, MANISTEE MI 49660 US,   US	-86.315859	44.262082	2
226079	0	Week1	13	M	31	GRAND RENTAL	52 Arthur St., MANISTEE MI 49660 US,   US	-86.31847	44.258322	
232549	4	Week1	13	M	32	MANISTEE UNIFORMS-DPW	280 N WASHINGTON, MANISTEE MI 49660 US,   US	-86.324183	44.257368	
232549	3	Week1	13	M	33	MANISTEE UNIFORMS--WATER	280 N WASHINGTON, MANISTEE MI 49660 US,   US	-86.324183	44.257368	
232947	0	Week2	13	M	33	MATSON'S BIG MANISTEE RIVER	2680 BIALIK RD, MANISTEE MI 49660 US,   US	-86.159705	44.282705	1
232549	5	Week1	13	M	34	MANISTEE UNIFORMS-COLLECTIONS	280 N WASHINGTON, MANISTEE MI 49660 US,   US	-86.324183	44.257368	
232549	0	Week1	13	M	35	CITY OF MANISTEE DPW	280 N WASHINGTON, MANISTEE MI 49660 US,   US	-86.324183	44.257368	
228633	0	Week1	13	M	36	MANISTEE CO COUNCL ON AGING	260 ST MARY'S PARKWAY, MANISTEE MI 49660 US,   US	-86.32726	44.254728	2
99117	16	Week1	13	M	37	WESCO #33	75 CYPRESS ST, MANISTEE MI 49660 US,   US	-86.318007	44.247367	
226648	0	Week1	13	M	38	MANISTEE CATHOLIC SCHOOLS	1200 US 31, MANISTEE MI 49660 US,   US	-86.315983	44.233579	1
228539	0	Week1	13	M	39	FILER CREDIT UNION	1117 28TH ST, MANISTEE MI 49660 US,   US	-86.307247	44.21958	2
204714	0	Week1	13	M	40	VETERANS OF FOREIGN WARS	1211 28TH STREET, MANISTEE MI 49660 US,   US	-86.3054983	44.2194237	1
232836	0	Week1	13	M	41	REMAX BAYSHORE	327 FIRST ST, MANISTEE MI 49660 US,   US	-86.31939	44.245592	4
99087	3	Week3	13	M	41	WEST MICHIGAN CREDIT UNION	316 CARE CENTER DR, MANISTEE MI 49660 US,   US	-86.3125084	44.2325858	4
226149	0	Week1	13	M	42	EDWARD JONES	294 RIVER STREET, MANISTEE MI 48116 US,   US	-86.318711	44.249318	1
228506	0	Week1	13	M	43	PETERSON MCGREGOR OF MANISTEE	330 RIVER ST, MANISTEE MI 49660 US,   US	-86.3206562	44.248459	2
228695	0	Week1	13	M	44	GOODYS JUICE & JAVA	343 RIVER ST, MANISTEE MI 49660 US,   US	-86.321021	44.248096	
221120	0	Week1	13	M	45	RIVER STREET STATION	350 RIVER ST, MANISTEE MI 49660 US,   US	-86.321728	44.2484175	1
219904	0	Week1	13	M	46	MANISTEE ELKS	432 RIVER, MANISTEE MI 49660 US,   US	-86.3256916	44.2476444	2
220856	0	Week1	13	M	47	COMMUNICRAFT	63 CLAY ST, MANISTEE MI 49660 US,   US	-86.3207434	44.246471	1
230774	0	Week1	13	M	48	AMERICAN LEGION #10	10 MASON ST, MANISTEE MI 49660 US,   US	-86.3179304	44.2502157	1
218957	0	Week1	13	R	1	DUBLIN GENERAL STORE	18372 HOXEYVILLE RD, WELLSTON MI 49689 US,   US	-85.933895	44.179794	
225687	0	Week2	13	R	1	CORNER EXPRESS-WELLSTON CITGO	11252 W M-55, WELLSTON MI 49689 US,   US	-85.805624	44.223437	1
99031	103	Week1	13	R	2	BLARNEY CASTLE - DUBLIN	18349 HOXEYVILLE RD, WELLSTON MI 49689 US,   US	-85.934469	44.178855	
99031	45	Week1	13	R	3	BLARNEY CASTLE #616	5456 W 10 1/2 MILE RD, IRONS MI 49644 US,   US	-86.0226129607834	44.1411738154697	
230972	0	Week1	13	R	4	ERTIES EZ MART WEST	9331 N US 31, FREESOIL MI 49411 US,   US	-86.280253	44.125237	1
231302	0	Week1	13	R	5	LARSENS LANDSCAPING	3091 N US 31, SCOTTVILLE MI 49454 US,   US	-86.281452	44.010773	
		Week1	13	R	6	JOLLY PLATE	256 N US 3, SCOTTVILLE MI 49454 US,   US	-86.27962	44.000404	
213965	0	Week1	13	R	7	PEACEFUL ACRES	2670 PINEY RIDGE ROA, LUDINGTON MI 49411 US,   US	-86.4673367	44.0059813	
232718	0	Week3	13	R	7	JOLLY PLATE	2516 N US 31, SCOTTVILLE MI 49454 US,   US	-86.27962	44.000404	1
217195	0	Week1	13	R	8	LINCOLN HILLS GOLF	1527 N. LAKESHORE, LUDINGTON MI 49431 US,   US	-86.4671342	43.9849923	
99161	59	Week1	13	R	9	SHOP N SAVE FIRST AID	5539 W US 10, LUDINGTON MI 49431 US,   US	-86.4191	43.9562	
99062	59	Week1	13	R	10	SHOP N SAVE 784	5539 W US 10, LUDINGTON MI 49431 US,   US	-86.4191	43.9562	
226958	0	Week1	13	R	11	KUNTRY KUBBARD	5474 US 10, LUDINGTON MI 49431 US,   US	-86.415839	43.956428	
99031	37	Week1	13	R	12	BLARNEY CASTLE #216	5445 W. US 10, LUDINGTON MI 49431 US,   US	-86.414647	43.955636	
231261	1	Week1	13	R	13	SABLE POINT FAMILY CARE-MATS	5656 W. US HIGHWAY 10, LUDINGTON MI 49431 US,   US	-86.421398	43.956881	
99117	48	Week1	13	R	14	WESCO #23	5685 EAST LUDINGTON AVENUE, LUDINGTON MI 49431 US,   US	-86.421635	43.955835	
99031	46	Week1	13	R	15	BLARNEY CASTLE #640	5985 W. US 10, LUDINGTON MI 49431 US,   US	-86.429043	43.955817	
233331	0	Week1	13	R	16	RIEMER DERMATOLOGY	7 ATKINSON DR. SUITE 302, LUDINGTON MI 49431 US,   US	-86.429886	43.958396	
228581	0	Week1	13	R	17	SPORTSMANS BAR	111 W LUDINGTON, LUDINGTON MI 49431 US,   US	-86.448282	43.955269	
231592	0	Week1	13	R	18	HOUSE OF FLAVORS - LUDINGTON	402 W. LUDINGTON, LUDINGTON MI 49431 US,   US	-86.452354	43.955747	
99117	35	Week1	13	R	19	WESCO #25	301 W LUDINGTON AVE, LUDINGTON MI 49431 US,   US	-86.450972	43.955319	
210779	0	Week1	13	R	20	CROWN & CORK	502 W. LOOMIS, LUDINGTON MI 49431 US,   US	-86.453794	43.954666	
99031	41	Week1	13	R	21	BLARNEY CASTLE #432	2421 MANISTEE HWY, MANISTEE MI 49660 US,   US	-86.3049967	44.21379	
99103	17	Week1	13	R	22	ADMIRAL/TOBACCO #5743	1638 US HIGHWAY 31 S SUITE 200, MANISTEE MI 49660,   US	-86.313489	44.225248	
225606	0	Week3	13	R	22	COUNTRY VETERINARIAN CLINIC	2750 NORTH STILES RD., LUDINGTON MI 49431 US,   US	-86.33958	44.005314	4
214318	0	Week1	13	R	23	SADLER'S MACHINE TOOL	1700 STATE STREET, MANISTEE MI 49660 US,   US	-86.3043086	44.2308036	
232549	2	Week1	13	R	24	MANISTEE UNIFORMS-WASTEWATER	50 NINTH ST, MANISTEE MI 49660 US,   US	-86.30525	44.239575	
232549	1	Week1	13	R	25	CITY OF MANISTEE WWT	50 NINTH ST, MANISTEE MI 49660 US,   US	-86.30525	44.239575	
99161	88	Week1	13	R	26	SPT FAMILY FARE #647 FIRST AID	1057 US 31 SOUTH, MANISTEE MI 49660 US,   US	-86.313159	44.234184	
99061	88	Week1	13	R	27	SPT FAMILY FARE #647	1057 US 31 SOUTH, MANISTEE MI 49660 US,   US	-86.313159	44.234184	
99061	179	Week1	13	R	28	FAMILY FARE #711	1035 US 31 SOUTH, MANISTEE MI 49660 US,   US	-86.313988	44.234472	
99161	179	Week1	13	R	29	FAMILY FARE #711 FIRST AID	1035 US 31 SOUTH, MANISTEE MI 49660 US,   US	-86.313988	44.234472	
806085	0	Week1	13	R	30	GOODWILL MANISTEE #240	282 12TH STREET, MANISTEE MI 49660 US,   US	-86.316434	44.235183	
219138	0	Week1	13	R	31	A & W	133 CYPRESS RD., MANISTEE MI 49660 US,   US	-86.3184	44.244285	
99031	77	Week1	13	R	32	BLARNEY CASTLE #384	313 FIRST ST, MANISTEE MI 49660 US,   US	-86.318395	44.24542	
230560	0	Week1	13	R	33	THE RAMSDELL INN	399 RIVER STREET, MANISTEE MI 49660 US,   US	-86.323538	44.247573	
232715	0	Week1	13	R	34	ANNIE'S KOZY KITCHEN	16938 CABERFAE HWY, WELLSTON MI 49689 US,   US	-85.963205	44.225824	1
214535	0	Week1	13	R	35	WHITETAIL PARTY STOR	16954 CABERFAE, WELLSTON MI 49689 US,   US	-85.961808	44.225795	1
233288	0	Week2	13	R	35	COYOTE CROSSING RESORT	8593 S. 13 RD, CADILLAC MI 49601 US,   US	-85.699595	44.2136532	2
232491	0	Week1	13	R	36	FISCHER LP GAS/MECH	17254 CABERFEE HWY, WELLSTON MI 49689 US,   US	-85.9562742	44.2254177	
224422	0	Week1	13	R	37	CAMP MANA-PINE	998 EMMONS RD., WELSTON MI 49689 US,   US	-85.9212852	44.2510085	
231137	0	Week1	13	T	1	MDOT/LISA FITZGERALD	10535 N US 131, Manton MI 49663 US, CADILLAC MI 49,   US	-85.3994369506836	44.2503890991211	
99031	38	Week1	13	T	2	BLARNEY CASTLE #240	1210 MICHIGAN, BALDWIN MI 49304 US,   US	-85.850365	43.901428	
229029	0	Week2	13	T	2	BRANCH GROCERY	9455 E US 10, BRANCH MI 49402 US,   US	-86.042983	43.945832	1
99031	16	Week1	13	T	3	BLARNEY CASTLE #352	4210 S. M-37, BALDWIN MI 49304 US,   US	-85.851502	43.926622	
99117	42	Week1	13	T	4	WESCO #38	777 MICHIGAN AVE P.O. BOX 193, BALDWIN MI 49304 US,   US	-85.852035	43.895018	
218717	0	Week1	13	T	5	BALDWIN QUICK STOP	711 MICHIGAN AVE., BALDWIN MI 49304 US,   US	-85.852126	43.894249	3
205630	0	Week1	13	T	6	PEACOCK VFW	222 M-37, BALDWIN MI 49304 US,   US	-85.8517486070394	43.888458707391	1
224413	0	Week1	13	T	7	BBT MOTEL	9435 S M-37, BALDWIN MI 49304 US,   US	-85.8513599206017	43.8535577213693	
531751	1	Week1	13	T	8	HOUSEMAN'S FOODS BALDWIN	9599 S M-37, BALDWIN MI 49304 US,   US	-85.8513596514408	43.85355237057	
99031	39	Week1	13	T	9	BLARNEY CASTLE #280	9505 S. M-37, BALDWIN MI 49304 US,   US	-85.851868	43.849945	
220895	0	Week1	13	T	10	M-37 MEAT SHACK	12642 N WOODBRIDGE, BITELY MI 49309 US,   US	-85.849349	43.782811	
99031	102	Week1	13	T	11	EZ MART BROHMAN #294	7586 N Woodbridge Ave, Brohman MI 49312 US, BROHAM,   US	-85.814943	43.691004	
232937	0	Week1	13	T	12	KNOTTY PINE GENERAL STORE	7999 W 11 MILE RD, BITELY MI 49309 US,   US	-85.999243	43.713746	2
229742	0	Week1	13	T	13	HART FAMILY MEDICAL CENTER	611 E. MAIN, HART MI 49420 US,   US	-86.35675	43.701899	
220940	0	Week1	13	T	14	MASON CO. CENTRAL SCHOOL	300 BROADWAY, SCOTTVILLE MI 49454 US,   US	-86.285849	43.956641	
99103	46	Week1	13	T	15	ADMIRAL #5791	130 W. STATE ST, SCOTTVILLE MI 49454-1136 US,   US	-86.283376	43.955169	
99031	50	Week1	13	T	16	BLARNEY CASTLE #864	101 E STATE ST., SCOTTVILLE MI 49454 US,   US	-86.279108	43.955245	
217272	0	Week1	13	T	17	NORTH COUNTRY CAFE	110 N. MAIN ST., SCOTTSVILLE MI 49454 US,   US	-86.279151	43.955409	
99117	8	Week1	13	T	18	WESCO #28	117 N. MAIN, SCOTTVILLE MI 49454 US,   US	-86.279691	43.955827	
99031	48	Week1	13	T	19	BLARNEY CASTLE #824	423 E. US 10, SCOTTVILLE MI 49454 US,   US	-86.2728667	43.9551867	
232543	0	Week1	13	T	20	BOB'S HEATING AND COOLING	6683 E US 10, WALHALLA MI 49458 US,   US	-86.1123517	43.9527908	
233247	0	Week1	13	T	21	EMERSON LAKE INN	7786 E. US HWY 10, WALHALLA MI 49458 US,   US	-86.08437	43.9463167	
226657	0	Week2	13	T	21	WALKERVILLE KWIK MART	330 E. MAIN, WALKERVILLE MI 49459 US,   US	-86.118137	43.714344	1
232729	0	Week1	13	T	22	FREEMAN BAR & GRILL	10193 N DICKINSON, WALKERVILLE MI 49459 US,   US	-86.019472	43.738938	
224411	0	Week1	13	T	23	PERE MARQUETTE ROD & GUN CLUB	4756 W 72ND ST PO BOX 190, BALDWIN MI 49304 US,   US	-85.894207	43.86456	1
228485	0	Week1	13	T	24	RED MOOSE LODGE	8982 S M-37, BALDWIN MI 49304 US,   US	-85.851081	43.85699	2
214168	0	Week1	13	T	25	BALDWIN LANES	708 MICHIGAN, BALDWIN MI 49304 US,   US	-85.851228	43.89406	4
209272	0	Week1	13	T	26	POMPEII'S PIZZA BALDWIN LLC	751 MICHIGAN, BALDWIN MI 49304 US,   US	-85.852062	43.89461	
221273	0	Week1	13	T	27	JONES HOMEMADE ICE CREAM	858 Michigan Ave, Baldwin MI 49304 US, BALDWIN MI,   US	-85.851304	43.896052	3
230256	0	Week1	13	T	28	BALDWIN PATTY DRUG	868 MICHIGAN AVE, BALDWIN MI 49304 US,   US	-85.851218	43.896156	1
228665	0	Week1	13	T	29	DEBBIES SPORTSMAN	869 MICHIGAN AVE, BALDWIN MI 49304 US,   US	-85.8520857	43.8962098	1
232603	0	Week1	13	T	30	LAKE COUNTY ROAD COMMISSION	1180 MICHIGAN AVE, BALDWIN MI 49304 US,   US	-85.8499427	43.9003707	
218971	0	Week1	13	T	31	AM VETS	1959 WEST 24TH ST, BALDWIN MI 49304 US,   US	-85.841238	43.943209	2
225699	0	Week1	13	T	32	WOLF LAKE STORE INC	1254 N M-37, BALDWIN MI 49304 US,   US	-85.836726	44.00646	2
221309	0	Week1	13	T	33	CLUB 37 INC.	3803 NORTH M-37, BALDWIN MI 49304 US,   US	-85.843325	44.044055	
226657	1	Week1	13	T	34	CV KWIK MART LLC	3038 N KINGS HWY, LUTHER MI 49656 US,   US	-85.721878	44.031564	1
232987	0	Week1	13	T	35	LUTHER GROCERY	213 STATE STREET, LUTHER MI 49656 US,   US	-85.682599	44.037202	1
232533	0	Week1	13	T	36	LUTHER AREA PUBLIC LIBRARY	115 STATE ST, LUTHER MI 49656 US,   US	-85.682658	44.036275	1
228505	0	Week1	13	W	1	ELLENS CORNERS	6052 W M-115, MESICK MI 49668 US,   US	-85.700301	44.404567	
99031	19	Week1	13	W	2	BLARNEY CASTLE #672	445 W. MESICK, MESICK MI 49668 US,   US	-85.721579	44.405473	
99031	17	Week1	13	W	3	BLARNEY CASTLE #360	18866 CADILLAC HWY M115, COPEMISH MI 49625 US,   US	-85.921023	44.475814	
229404	0	Week1	13	W	4	VILLAGE OF THOMPSONVILLE	7458 MICHIGAN AVE, THOMPSONVILLE MI 49683 US,   US	-85.9389967	44.5211833	
232503	0	Week1	13	W	5	231 BAR & GRILL	17170 VONDRA RD, THOMPSONVILLE MI 49683 US,   US	-85.955584	44.499428	2
99031	76	Week1	13	W	6	BLARNEY CASTLE #256	12348 US 31, BEAR LAKE MI 49614 US,   US	-86.150458	44.422252	
217914	0	Week1	13	W	7	BEAR LAKE HARDWARE	11950 CHIPPEWA HWY, BEAR LAKE MI 49614 US,   US	-86.152232	44.416697	
228518	0	Week1	13	W	8	BEAR LAKE DISCOUNT GROCERY	11740 CHIPPEWA HWY, BEAR LAKE MI 49614 US,   US	-86.152341	44.413441	
233251	0	Week1	13	W	9	PORTAGE POINT RESORT	8567 PORTAGE PT DR, ONEKAMA MI 49675 US,   US	-86.257841	44.3685	
232675	0	Week1	13	W	10	LAHEY'S PUB LLC	8567 PORTAGE POINT RD, ONEKAMA MI 49675 US,   US	-86.257841	44.3685	
230876	0	Week1	13	W	11	M-22 GRILL	5159 MAIN ST, ONEKAMA MI 49675 US,   US	-86.19942	44.362136	
223517	0	Week2	13	W	11	ONEKAMA MARINE INC.	4378 CRESCENT BEACH RD., ONEKAMA MI 49675 US,   US	-86.215434	44.352154	4
99031	151	Week1	13	W	12	BLARNEY ONEKEMA EZ MARKET	5357 MAIN ST (M-22), ONEKEMA MI 49675 US,   US	-86.195286	44.361086	
233008	0	Week1	13	W	13	MANISTEE COUNTY FAIRGROUNDS	7587 1ST ST, ONEKEMA MI 49675 US,   US	-86.1930305	44.3554715	
205347	0	Week1	13	W	14	COUNTRY SIDE RESTAUR	13940 9 MILE RD, KALEVA MI 49645 US,   US	-86.02124	44.370637	1
99031	139	Week2	13	W	14	BLARNEY CASTLE MAIN OFFICE HQ	12218 WEST ST, BEAR LAKE MI 49614 US,   US	-86.1521103	44.4205775	2
230795	0	Week1	13	W	15	FISCHER TANKS LLC	13884 RENGO AVE P.O. BOX 25, KALEVA MI 49645 US,   US	-86.022201	44.379912	
233174	0	Week2	13	W	15	FILER CREDIT UNION BEAR LAKE	7685 LAKE STREET, BEAR LAKE MI 49614 US,   US	-86.1476658	44.4228858	1
99031	85	Week1	13	W	16	BLARNEY CASTLE #624	14210 9 MILE, KALEVA MI 49645 US,   US	-86.015616	44.370461	
232688	0	Week1	13	W	17	LARRY'S GROCERY	14389 9 MILE RD, KALEVA MI 49645 US,   US	-86.012286	44.369638	2
232604	0	Week1	13	W	18	BEAR CLAW CAFE	18571 CADILLAC HIGHWAY, COPEMISH MI 49625 US,   US	-85.924624	44.478546	2
231712	0	Week1	13	W	19	COPEMISH PRO HARDWARE	18561 CADILLAC HWY, COPEMISH MI 49625 US,   US	-85.9248785	44.4788137	3
232473	0	Week1	13	W	20	JENNIFER'S ROUNDABOUT RESTAURA	4642 N M37, MESICK MI 49668 US,   US	-85.7193828130687	44.4029761223027	1
99161	100	Week1	13	W	21	MESICK MARKET FIRST AID	118 W MESICK AVE, MESICK MI 49668 US,   US	-85.714445	44.40585	
99062	100	Week1	13	W	22	MESICK MARKET 4217	118 W MESICK AVE, MESICK MI 49668 US,   US	-85.714445	44.40585	
99130	1	Week1	13	W	23	FOREST AREA FEDERAL CU	101 W. MESICK ROAD, MESICK MI 49668 US,   US	-85.713867	44.405343	
226403	0	Week2	13	W	23	BOON COUNTRY	562 S HASKINS, BOON MI 49618 US,   US	-85.600145	44.286458	4
231184	0	Week1	13	W	24	ACEN TEK	5351 N M37, MESICK MI 49668 US,   US	-85.699676	44.415344	2
232395	0	Week1	13	W	25	SPRINGVILLE TOWNSHIP	4785 N M-37, MESICK MI 49668 US,   US	-85.6997418	44.4070322	
99031	108	Week1	13	W	26	BLARNEY PROPANE	2951 NORTH 7 RD, MESICK MI 49668 US,   US	-85.69869	44.403875	
